3.72,7.37,0.45,50.8,0.72,0.17,0.88,0.52,0.26
4.4,7.54,0.55,51.2,0.68,0.19,0.85,0.58,0.24
4.76,7.65,0.54,51.6,0.6,0.12,0.71,0.62,0.28
3.83,7.62,0.52,51.92,0.5,0.16,0.73,0.61,0.27
3.78,7.71,0.52,52.24,0.53,0.24,0.78,0.71,0.27
3.57,7.72,0.48,52.56,0.58,0.06,0.82,0.62,0.27
3.13,7.72,0.53,52.88,0.51,0.1,0.87,0.53,0.38
3.98,7.7,0.53,53.2,0.39,0.08,0.88,0.55,0.34
4.22,7.7,0.56,53,0.52,0.04,0.79,0.56,0.35
2.66,7.7,0.49,52.8,0.43,-0.12,0.95,0.5,0.37
2.69,7.69,0.51,52.6,0.37,-0.09,0.93,0.42,0.41
2.38,7.7,0.42,52.4,0.39,-0.11,0.92,0.35,0.5
4.63,9.14,0.82,65.8,0.53,-0.01,0.88,0.55,0.25
5.49,9.26,0.83,66.2,0.53,-0.16,0.86,0.64,0.28
5.27,9.3,0.73,66.4,0.57,-0.17,0.73,0.65,0.3
5.87,9.33,0.76,66.68,0.49,-0.2,0.88,0.63,0.26
5.51,9.35,0.79,66.96,0.6,-0.17,0.85,0.61,0.27
4.55,9.36,0.76,67.24,0.63,-0.13,0.86,0.63,0.34
4.81,9.38,0.63,67.52,0.73,-0.03,0.88,0.69,0.34
4.61,9.4,0.64,67.8,0.7,-0.08,0.89,0.69,0.35
4.51,9.44,0.64,68.1,0.73,-0.02,0.9,0.68,0.32
4.64,9.48,0.64,68.4,0.75,-0.03,0.88,0.67,0.33
5,9.52,0.68,68.7,0.82,0.01,0.9,0.71,0.32
5,9.54,0.69,69,0.78,-0.1,0.91,0.68,0.27
5.37,9.5,0.71,69.3,0.75,0.01,0.89,0.68,0.27
5.32,9.3,0.81,64.66,0.53,-0.18,0.64,0.55,0.26
5.61,9.31,0.84,64.82,0.59,-0.17,0.69,0.6,0.23
5.25,9.35,0.81,65.7,0.44,-0.17,0.7,0.64,0.29
5.04,9.35,0.8,65.9,0.58,-0.15,0.76,0.59,0.29
4.75,9.34,0.8,66.1,0.39,0.01,0.74,0.58,0.21
5.59,8.95,0.72,52.5,0.58,0.06,0.91,0.66,0.36
4.36,8.99,0.75,53.2,0.46,-0.14,0.91,0.56,0.3
3.94,9.01,0.72,53.9,0.41,-0.1,0.82,0.66,0.37
3.79,9.02,0.76,54.6,0.38,-0.17,0.83,0.58,0.37
6.31,9.94,0.94,66.82,0.73,-0.16,0.85,0.82,0.33
6.07,10.02,0.86,66.94,0.65,-0.14,0.88,0.83,0.28
5.96,10.05,0.89,67.06,0.68,-0.13,0.86,0.82,0.32
6.42,9.98,0.92,67.18,0.64,-0.13,0.89,0.86,0.24
6.44,10.07,0.93,67.3,0.73,-0.13,0.85,0.85,0.21
6.78,10.11,0.89,67.48,0.82,-0.17,0.76,0.84,0.23
6.47,10.09,0.9,67.66,0.75,-0.15,0.82,0.86,0.27
6.58,10.1,0.91,67.84,0.74,-0.13,0.82,0.84,0.25
6.67,10.07,0.92,68.02,0.74,-0.16,0.85,0.86,0.24
6.7,10.08,0.93,68.2,0.88,-0.17,0.85,0.86,0.3
6.43,10.05,0.88,68.4,0.85,-0.19,0.85,0.84,0.31
6.04,10.07,0.91,68.6,0.83,-0.19,0.84,0.81,0.29
5.79,10.03,0.9,68.8,0.85,-0.21,0.85,0.82,0.32
6.09,10,0.9,69,0.82,-0.21,0.83,0.83,0.32
5.9,9.85,0.9,69.2,0.82,-0.12,0.82,0.76,0.34
4.29,9.04,0.68,64.8,0.52,-0.23,0.85,0.49,0.47
4.88,9.18,0.76,64.9,0.6,-0.25,0.82,0.51,0.41
4.65,9.26,0.71,65,0.46,-0.21,0.88,0.52,0.39
4.18,9.11,0.68,65.1,0.44,-0.21,0.88,0.54,0.41
4.37,9.14,0.66,65.2,0.46,-0.18,0.89,0.51,0.43
4.26,9.18,0.7,65.36,0.47,-0.23,0.88,0.47,0.46
4.32,9.25,0.68,65.52,0.5,-0.21,0.89,0.52,0.46
4.28,9.28,0.72,65.68,0.5,-0.2,0.9,0.56,0.45
4.45,9.31,0.74,65.84,0.51,-0.22,0.92,0.58,0.4
4.35,9.33,0.72,66,0.55,-0.2,0.9,0.59,0.44
4.33,9.33,0.71,66.3,0.61,-0.17,0.92,0.59,0.44
4.29,9.4,0.7,66.6,0.61,-0.15,0.86,0.62,0.44
5.06,9.45,0.81,66.9,0.81,-0.16,0.68,0.58,0.46
5.49,9.52,0.78,67.2,0.84,-0.17,0.58,0.6,0.43
7.29,10.7,0.96,71.72,0.89,0.35,0.51,0.83,0.21
7.25,10.72,0.95,71.88,0.92,0.3,0.43,0.83,0.22
7.45,10.72,0.95,72.2,0.93,0.32,0.37,0.83,0.22
7.41,10.73,0.97,72.3,0.94,0.37,0.38,0.82,0.2
7.2,10.75,0.94,72.4,0.94,0.27,0.37,0.81,0.21
7.36,10.76,0.93,72.5,0.93,0.27,0.43,0.82,0.18
7.29,10.77,0.92,72.6,0.92,0.32,0.44,0.78,0.24
7.31,10.78,0.95,72.7,0.92,0.33,0.36,0.79,0.21
7.25,10.79,0.94,73,0.92,0.24,0.4,0.79,0.24
7.26,10.8,0.95,73.3,0.91,0.32,0.41,0.78,0.23
7.18,10.81,0.94,73.6,0.92,0.15,0.41,0.76,0.19
7.23,10.81,0.94,73.9,0.92,0.12,0.43,0.77,0.2
7.14,10.76,0.94,74.2,0.91,0.21,0.49,0.77,0.2
7.12,10.84,0.94,70.76,0.94,0.3,0.49,0.82,0.17
7.18,10.89,0.94,71.08,0.88,0.29,0.61,0.83,0.17
7.3,10.86,0.91,71.4,0.9,0.13,0.55,0.81,0.16
7.47,10.89,0.94,71.54,0.94,0.13,0.7,0.79,0.14
7.4,10.89,0.94,71.68,0.92,0.12,0.77,0.82,0.16
7.5,10.88,0.95,71.82,0.92,0.17,0.68,0.79,0.16
6.95,10.88,0.9,71.96,0.89,0.12,0.57,0.78,0.17
7.08,10.88,0.93,72.1,0.9,0.1,0.56,0.8,0.16
7.05,10.89,0.93,72.4,0.89,0.08,0.52,0.76,0.2
7.29,10.91,0.91,72.7,0.89,0.13,0.52,0.75,0.18
7.4,10.93,0.91,73,0.9,0.05,0.52,0.75,0.23
7.2,10.94,0.96,73.3,0.9,0.06,0.46,0.77,0.2
7.21,10.85,0.93,73.6,0.91,0.01,0.46,0.77,0.21
4.73,9.17,0.85,61.88,0.77,-0.23,0.77,0.51,0.28
4.57,9.39,0.75,62.26,0.52,-0.21,0.87,0.52,0.28
4.82,9.46,0.68,62.64,0.6,-0.03,0.71,0.58,0.23
4.57,9.53,0.74,63.02,0.5,-0.09,0.75,0.54,0.23
4.22,9.57,0.69,63.4,0.5,-0.12,0.86,0.53,0.27
4.68,9.54,0.72,63.64,0.54,-0.1,0.8,0.54,0.26
4.91,9.55,0.76,63.88,0.6,-0.14,0.76,0.55,0.27
5.48,9.59,0.77,64.12,0.67,-0.17,0.7,0.62,0.24
5.25,9.61,0.8,64.36,0.73,-0.21,0.65,0.6,0.22
5.15,9.61,0.79,64.6,0.76,-0.2,0.62,0.61,0.21
5.3,9.56,0.78,64.9,0.71,-0.2,0.61,0.6,0.19
5.15,9.55,0.79,65.2,0.73,-0.23,0.65,0.59,0.2
5.17,9.56,0.78,65.5,0.77,-0.23,0.56,0.59,0.19
5.17,9.57,0.89,65.8,0.85,-0.21,0.46,0.64,0.16
5.7,10.71,0.9,65.94,0.9,0.04,0.51,0.76,0.42
5.94,10.71,0.88,66.3,0.86,0,0.71,0.69,0.42
4.82,10.7,0.91,66.58,0.87,-0.05,0.58,0.54,0.51
4.32,7.78,0.67,59.02,0.61,0.07,0.79,0.6,0.32
4.61,7.84,0.51,59.44,0.6,0.04,0.81,0.64,0.31
5.05,7.89,0.47,59.86,0.61,-0.04,0.8,0.72,0.23
5.08,7.92,0.53,60.28,0.63,-0.07,0.78,0.67,0.22
4.86,7.97,0.55,60.7,0.66,-0.02,0.77,0.63,0.29
4.99,8.02,0.61,61.12,0.84,-0.07,0.76,0.69,0.23
4.72,8.07,0.58,61.54,0.67,-0.03,0.77,0.71,0.18
4.66,8.12,0.53,61.96,0.74,-0.02,0.74,0.62,0.25
4.63,8.22,0.6,62.8,0.81,-0.07,0.72,0.64,0.23
4.56,8.27,0.65,63.3,0.88,-0.09,0.69,0.56,0.23
4.31,8.33,0.71,63.8,0.9,0.01,0.64,0.57,0.21
4.5,8.4,0.71,64.3,0.9,-0.04,0.7,0.54,0.36
5.11,8.47,0.67,64.8,0.9,-0.05,0.66,0.54,0.37
5.28,8.47,0.74,65.3,0.78,-0.01,0.74,0.58,0.33
5.66,9.49,0.92,61.1,0.71,-0.25,0.71,0.6,0.27
5.62,9.58,0.86,61.4,0.67,-0.23,0.69,0.6,0.23
5.56,9.68,0.91,62,0.68,-0.2,0.68,0.57,0.22
5.53,9.76,0.92,62.3,0.7,-0.16,0.71,0.57,0.21
5.22,9.81,0.91,62.88,0.66,-0.17,0.67,0.52,0.25
5.75,9.83,0.9,63.46,0.65,-0.22,0.66,0.52,0.18
5.88,9.84,0.92,64.04,0.72,-0.18,0.65,0.61,0.21
5.81,9.86,0.88,64.62,0.65,-0.05,0.68,0.62,0.21
5.72,9.81,0.92,65.2,0.62,-0.09,0.67,0.58,0.18
5.18,9.79,0.93,65.5,0.66,-0.12,0.66,0.55,0.18
5.55,9.81,0.9,65.8,0.62,-0.12,0.65,0.54,0.23
5.23,9.85,0.91,66.1,0.64,-0.17,0.72,0.45,0.24
5.82,9.86,0.92,66.4,0.66,-0.19,0.55,0.59,0.19
7.22,10.79,0.92,70.26,0.9,0.07,0.72,0.81,0.22
7.12,10.79,0.92,70.44,0.89,0.01,0.65,0.81,0.24
6.85,10.78,0.93,70.8,0.81,0.02,0.7,0.83,0.24
7.11,10.78,0.94,70.92,0.88,-0.01,0.71,0.83,0.23
6.93,10.78,0.93,71.04,0.85,-0.05,0.76,0.82,0.24
7.1,10.78,0.91,71.16,0.89,0.02,0.57,0.8,0.22
6.86,10.79,0.94,71.28,0.86,0,0.51,0.8,0.25
6.9,10.81,0.89,71.4,0.87,0.06,0.47,0.81,0.24
6.95,10.82,0.93,71.6,0.87,-0.06,0.5,0.77,0.26
6.93,10.83,0.92,71.8,0.86,0.05,0.54,0.79,0.23
6.89,10.84,0.93,72,0.81,-0.12,0.63,0.75,0.25
6.77,10.85,0.88,72.2,0.78,-0.17,0.67,0.73,0.24
6.84,10.77,0.9,72.4,0.77,-0.16,0.63,0.65,0.26
6.45,8.89,0.87,61.6,0.7,0.03,0.77,0.76,0.25
5.96,8.88,0.76,62.22,0.87,0.02,0.78,0.76,0.28
3.33,7.87,0.45,50.1,0.58,-0.01,0.79,0.59,0.31
3.67,7.92,0.38,50.9,0.71,0,0.82,0.58,0.3
3.87,7.9,0.48,51.98,0.77,-0.14,0.85,0.63,0.22
3.19,7.92,0.52,52.26,0.77,-0.11,0.81,0.58,0.23
3.48,7.96,0.58,52.54,0.78,-0.09,0.86,0.7,0.22
3.35,8,0.51,52.82,0.78,-0.1,0.85,0.59,0.27
3.62,7.99,0.43,53.1,0.73,-0.03,0.85,0.59,0.37
4.01,7.99,0.49,53.5,0.78,-0.07,0.84,0.61,0.46
4.85,8.02,0.44,53.9,0.73,-0.07,0.77,0.61,0.46
5.82,8.06,0.5,54.3,0.71,0,0.75,0.65,0.47
4.98,8.1,0.44,54.7,0.77,-0.02,0.7,0.66,0.44
4.41,8.1,0.51,55.1,0.78,-0.08,0.53,0.61,0.3
5.57,9.12,0.82,59.6,0.81,0.35,0.8,0.78,0.22
4.94,9.17,0.88,59.9,0.83,0.27,0.65,0.86,0.32
5.08,9.22,0.85,60.2,0.83,0.28,0.63,0.81,0.31
5.37,8.69,0.83,59,0.77,-0.04,0.79,0.74,0.43
5.63,8.71,0.8,59.5,0.78,0,0.82,0.77,0.39
5.3,8.76,0.79,60,0.73,-0.09,0.8,0.78,0.39
6.09,8.77,0.83,60.5,0.78,-0.04,0.76,0.8,0.37
5.78,8.8,0.81,61,0.7,-0.07,0.78,0.77,0.35
5.78,8.83,0.82,61.34,0.78,-0.04,0.82,0.76,0.36
6.02,8.87,0.78,61.68,0.86,-0.01,0.84,0.78,0.41
5.77,8.91,0.8,62.02,0.85,-0.07,0.81,0.76,0.41
5.87,8.95,0.82,62.36,0.88,0.02,0.83,0.81,0.4
5.83,8.98,0.83,62.7,0.88,-0.03,0.86,0.79,0.39
5.77,9.01,0.8,63,0.88,-0.05,0.85,0.78,0.38
5.65,9.04,0.78,63.3,0.88,-0.12,0.82,0.7,0.43
5.92,9.07,0.83,63.6,0.86,-0.09,0.79,0.74,0.39
5.67,9.07,0.78,63.9,0.88,-0.09,0.86,0.75,0.42
5.56,9,0.81,64.2,0.88,-0.05,0.87,0.79,0.38
4.9,9.27,0.77,66.04,0.34,0.01,0.93,0.61,0.3
4.96,9.3,0.73,66.48,0.26,-0.03,0.96,0.57,0.39
4.67,9.31,0.77,66.7,0.36,-0.13,0.93,0.52,0.41
5,9.33,0.72,66.74,0.33,-0.04,0.93,0.6,0.33
4.77,9.34,0.78,66.78,0.42,-0.01,0.95,0.55,0.34
5.12,9.38,0.77,66.82,0.39,0.04,0.97,0.54,0.32
5.25,9.41,0.79,66.86,0.41,0.23,0.98,0.53,0.26
5.12,9.46,0.66,66.9,0.63,-0.06,0.96,0.53,0.29
5.18,9.5,0.81,67.2,0.63,0.13,0.96,0.64,0.3
5.09,9.53,0.78,67.5,0.56,0.09,0.92,0.6,0.27
5.89,9.58,0.84,67.8,0.66,0.12,0.91,0.64,0.28
6.02,9.61,0.87,68.1,0.72,0.08,0.96,0.63,0.24
5.52,9.58,0.9,68.4,0.74,0.14,0.92,0.64,0.33
4.74,9.49,0.88,46.82,0.82,-0.2,0.72,0.69,0.23
5.45,9.59,0.83,49.86,0.86,-0.16,0.81,0.73,0.22
3.55,9.56,0.87,52.9,0.83,-0.14,0.81,0.69,0.17
3.52,9.6,0.86,53.68,0.81,-0.25,0.82,0.74,0.16
4.84,9.63,0.84,54.46,0.8,-0.2,0.81,0.77,0.17
4.13,9.73,0.86,55.24,0.77,-0.15,0.75,0.7,0.24
4.03,9.76,0.86,56.02,0.79,-0.1,0.74,0.67,0.24
3.76,9.72,0.82,56.8,0.86,-0.12,0.86,0.75,0.26
3.5,9.75,0.77,57.5,0.85,-0.25,0.73,0.69,0.25
3.5,9.76,0.77,58.2,0.82,-0.25,0.73,0.66,0.28
3.46,9.78,0.8,58.9,0.82,-0.25,0.81,0.73,0.27
3.47,9.79,0.77,59.6,0.83,-0.24,0.79,0.71,0.27
6.32,9.52,0.89,63.78,0.78,-0.02,0.73,0.86,0.3
6.69,9.55,0.88,64.02,0.78,-0.08,0.69,0.82,0.27
7,9.54,0.91,64.26,0.77,-0.06,0.72,0.83,0.27
6.84,9.61,0.91,64.5,0.81,-0.05,0.66,0.82,0.25
7.04,9.64,0.92,64.76,0.83,-0.07,0.66,0.81,0.27
7.14,9.67,0.91,65.28,0.79,-0.1,0.71,0.82,0.28
6.98,9.66,0.9,65.54,0.71,-0.12,0.71,0.79,0.27
6.55,9.62,0.91,65.8,0.8,-0.02,0.77,0.76,0.33
6.38,9.58,0.91,66,0.81,-0.1,0.78,0.76,0.3
6.33,9.58,0.91,66.2,0.77,-0.17,0.79,0.72,0.31
6.19,9.59,0.88,66.4,0.75,-0.12,0.76,0.75,0.35
6.45,9.59,0.9,66.6,0.83,-0.06,0.76,0.76,0.34
6.11,9.52,0.83,66.8,0.79,-0.05,0.73,0.69,0.39
3.84,9.71,0.83,65.1,0.57,-0.14,0.98,0.59,0.23
3.91,9.77,0.84,65.7,0.55,-0.14,0.94,0.55,0.24
3.88,9.79,0.86,65.8,0.66,-0.23,0.95,0.53,0.27
4.22,9.8,0.84,65.9,0.64,-0.17,0.94,0.57,0.24
3.99,9.81,0.83,66,0.6,-0.19,0.96,0.62,0.28
4.44,9.84,0.89,66.1,0.58,-0.06,0.95,0.63,0.24
4.87,9.88,0.91,66.2,0.64,-0.2,0.94,0.64,0.21
4.84,9.93,0.93,66.4,0.7,-0.17,0.94,0.62,0.17
5.1,9.97,0.94,66.6,0.69,-0.15,0.91,0.61,0.19
5.1,10.01,0.92,66.8,0.72,-0.18,0.95,0.64,0.19
5.11,10.05,0.95,67,0.82,-0.11,0.94,0.66,0.2
5.6,9.99,0.92,67.2,0.82,0,0.9,0.71,0.22
3.8,7.37,0.8,46.66,0.59,0.03,0.8,0.72,0.27
4.02,7.38,0.77,47.42,0.58,-0.06,0.83,0.65,0.28
3.85,7.4,0.73,48.18,0.61,-0.1,0.89,0.52,0.3
4.04,7.45,0.77,49.7,0.59,-0.04,0.77,0.59,0.22
4.79,7.49,0.71,50.24,0.72,-0.1,0.71,0.58,0.2
3.96,7.52,0.74,50.78,0.62,-0.07,0.73,0.55,0.3
3.33,7.55,0.74,51.32,0.74,-0.02,0.77,0.63,0.29
3.48,7.56,0.74,51.86,0.71,0,0.8,0.61,0.26
4.42,7.57,0.7,52.4,0.66,0,0.69,0.58,0.36
4.21,7.6,0.76,52.9,0.65,0,0.72,0.62,0.34
4.65,7.63,0.79,53.4,0.61,-0.06,0.73,0.58,0.35
4.93,7.67,0.67,53.9,0.72,-0.01,0.76,0.71,0.34
4.74,7.69,0.68,54.4,0.68,0,0.73,0.69,0.36
3.56,6.72,0.29,49.02,0.26,-0.02,0.86,0.44,0.25
3.79,6.72,0.33,49.66,0.43,-0.02,0.72,0.64,0.16
3.71,6.75,0.42,50.68,0.49,-0.06,0.68,0.69,0.19
2.9,6.79,0.56,51.82,0.43,-0.06,0.81,0.66,0.25
3.77,6.63,0.48,53.4,0.65,-0.02,0.6,0.67,0.36
4.46,7.88,0.62,56.9,0.91,0.04,0.89,0.74,0.34
4.11,7.87,0.82,57.7,0.94,0.15,0.96,0.8,0.19
4.14,7.91,0.7,58.5,0.94,0.35,0.9,0.77,0.42
4.16,7.96,0.72,58.88,0.93,0.42,0.78,0.8,0.31
3.9,8.01,0.61,59.26,0.96,0.25,0.89,0.82,0.35
3.67,8.07,0.65,59.64,0.94,0.16,0.81,0.79,0.44
3.88,8.12,0.69,60.02,0.94,0.24,0.84,0.78,0.48
4.16,8.17,0.73,60.4,0.96,0.21,0.82,0.81,0.4
4.46,8.22,0.75,60.8,0.96,0.08,0.84,0.84,0.4
4.59,8.28,0.77,61.2,0.96,0.09,0.82,0.8,0.41
5,8.39,0.76,62,0.96,0.01,0.83,0.84,0.39
4.38,8.36,0.72,62.4,0.96,0.05,0.86,0.88,0.39
3.85,8.01,0.69,45.98,0.65,-0.01,0.91,0.61,0.27
4.35,8.03,0.72,46.56,0.64,-0.03,0.91,0.64,0.25
4.29,8.03,0.7,47.14,0.58,-0.07,0.94,0.6,0.31
4.74,8.03,0.73,47.72,0.7,-0.02,0.93,0.59,0.25
4.55,8.04,0.76,48.3,0.79,0,0.88,0.61,0.27
4.43,8.05,0.74,48.7,0.82,-0.03,0.87,0.6,0.27
4.25,8.06,0.74,49.1,0.77,-0.03,0.9,0.62,0.28
4.27,8.09,0.76,49.5,0.79,-0.03,0.87,0.68,0.27
4.24,8.12,0.78,49.9,0.8,-0.07,0.86,0.62,0.22
5.04,8.15,0.65,50.3,0.79,0.05,0.87,0.65,0.35
4.82,8.17,0.66,51.1,0.71,0,0.88,0.66,0.37
5.07,8.18,0.69,51.9,0.77,-0.03,0.84,0.63,0.38
5.25,8.19,0.68,52.7,0.82,0.04,0.88,0.64,0.36
4.94,8.2,0.71,53.5,0.71,-0.01,0.82,0.63,0.33
5.24,8.18,0.72,54.3,0.68,0.05,0.84,0.63,0.39
7.42,10.65,0.96,71.3,0.96,0.26,0.5,0.84,0.23
7.49,10.74,0.94,71.84,0.93,0.26,0.37,0.89,0.2
7.49,10.7,0.94,72.02,0.92,0.25,0.41,0.87,0.25
7.65,10.72,0.95,72.2,0.93,0.23,0.41,0.88,0.23
7.43,10.74,0.92,72.36,0.95,0.25,0.43,0.88,0.25
7.42,10.74,0.95,72.52,0.92,0.29,0.47,0.86,0.23
7.59,10.76,0.94,72.68,0.92,0.32,0.41,0.85,0.26
7.3,10.78,0.92,72.84,0.94,0.27,0.44,0.83,0.26
7.41,10.77,0.94,73,0.93,0.25,0.43,0.84,0.29
7.25,10.77,0.92,73.2,0.91,0.21,0.39,0.82,0.24
7.42,10.79,0.93,73.4,0.94,0.16,0.36,0.86,0.22
7.17,10.8,0.92,73.6,0.95,0.11,0.37,0.82,0.26
7.11,10.8,0.93,73.8,0.91,0.11,0.44,0.82,0.28
7.03,10.73,0.93,74,0.89,0.05,0.43,0.8,0.31
4.16,6.99,0.53,40.9,0.66,0.08,0.78,0.57,0.33
3.57,7.09,0.48,42.7,0.69,-0.04,0.84,0.52,0.26
3.68,7.12,0.39,43.08,0.78,-0.02,0.83,0.52,0.28
2.69,6.79,0.29,44.9,0.62,0.03,0.86,0.58,0.49
3.48,6.82,0.32,45.2,0.65,0.07,0.89,0.61,0.6
3.44,7.36,0.72,43.18,0.31,0.03,0.96,0.58,0.26
4.14,7.36,0.48,43.66,0.29,-0.01,0.87,0.61,0.24
4.63,7.36,0.57,44.14,0.53,0.06,0.94,0.57,0.23
3.64,7.36,0.65,44.62,0.4,0.02,0.93,0.56,0.22
3.74,7.46,0.73,45.1,0.51,0.03,0.86,0.55,0.29
4.39,7.42,0.82,45.42,0.54,0.03,0.88,0.59,0.29
4.03,7.48,0.67,45.74,0.56,-0.03,0.88,0.53,0.32
3.51,7.5,0.71,46.06,0.49,-0.04,0.88,0.46,0.31
3.46,7.53,0.73,46.38,0.57,-0.07,0.88,0.54,0.33
4.32,7.53,0.75,46.7,0.47,-0.03,0.89,0.61,0.36
4.03,7.43,0.62,47.2,0.53,0.05,0.82,0.58,0.47
4.56,7.37,0.66,47.7,0.61,0.01,0.79,0.63,0.54
4.49,7.36,0.58,48.2,0.65,0.02,0.76,0.55,0.54
4.25,7.37,0.64,48.7,0.54,0.06,0.83,0.59,0.46
6.06,9.85,0.84,68.66,0.74,0.17,0.63,0.8,0.35
5.7,9.89,0.81,68.72,0.66,0.24,0.72,0.77,0.34
5.79,9.91,0.8,68.78,0.64,0.08,0.74,0.76,0.33
6.49,9.88,0.83,68.84,0.75,0.15,0.73,0.81,0.3
6.64,9.93,0.86,68.9,0.79,0.11,0.7,0.81,0.3
6.53,9.98,0.82,69.04,0.7,0.11,0.75,0.8,0.32
6.6,10.02,0.85,69.18,0.73,0.2,0.78,0.81,0.29
6.74,10.05,0.86,69.32,0.74,0.09,0.74,0.85,0.28
6.84,10.06,0.86,69.46,0.73,0.22,0.76,0.87,0.28
6.53,10.07,0.83,69.6,0.77,0.04,0.81,0.8,0.33
6.58,10.07,0.84,69.7,0.65,0.1,0.86,0.87,0.28
6.32,10.07,0.88,69.8,0.79,-0.02,0.84,0.84,0.29
6.44,10.1,0.89,69.9,0.79,-0.06,0.82,0.83,0.28
5.94,10.1,0.87,70,0.66,-0.1,0.86,0.81,0.34
6.15,10.02,0.89,70.1,0.78,0.03,0.81,0.81,0.34
6.03,9.28,0.91,65.22,0.81,-0.01,0.81,0.8,0.33
6.14,9.33,0.89,65.34,0.79,-0.04,0.86,0.81,0.29
6.17,9.35,0.88,65.46,0.8,-0.04,0.76,0.8,0.31
6.27,9.35,0.89,65.58,0.76,-0.06,0.84,0.84,0.27
6.41,9.38,0.89,65.7,0.82,-0.05,0.81,0.83,0.27
6.46,9.44,0.9,65.92,0.81,-0.07,0.85,0.83,0.29
6.38,9.47,0.91,66.14,0.83,-0.01,0.87,0.85,0.29
6.61,9.51,0.9,66.36,0.84,-0.07,0.9,0.85,0.28
6.45,9.55,0.91,66.58,0.8,-0.09,0.89,0.85,0.28
6.39,9.56,0.89,66.8,0.79,-0.1,0.84,0.84,0.29
6.23,9.57,0.88,67.1,0.83,-0.1,0.9,0.79,0.29
6.16,9.57,0.91,67.4,0.84,-0.16,0.88,0.84,0.3
5.98,9.58,0.87,67.7,0.85,-0.15,0.85,0.82,0.3
6.35,9.6,0.87,68,0.82,-0.17,0.85,0.82,0.32
5.71,9.49,0.8,68.3,0.84,-0.09,0.81,0.8,0.34
3.48,7.95,0.63,54.36,0.51,-0.07,0.84,0.67,0.17
3.81,7.96,0.72,54.7,0.53,0.01,0.74,0.73,0.18
3.84,7.98,0.72,55.02,0.5,-0.07,0.73,0.67,0.17
3.96,7.99,0.72,55.34,0.53,-0.12,0.65,0.61,0.21
3.97,8.03,0.62,57.2,0.56,0.09,0.79,0.75,0.34
4.61,8.03,0.63,57.5,0.54,0.08,0.76,0.74,0.34
4.51,8.18,0.64,54.58,0.74,-0.11,0.83,0.62,0.29
3.92,8.19,0.62,54.96,0.77,-0.11,0.8,0.56,0.32
3.96,8.2,0.68,55.34,0.73,-0.08,0.75,0.61,0.29
4.06,8.24,0.69,55.72,0.66,-0.11,0.81,0.59,0.4
4.69,8.24,0.64,56.1,0.85,-0.1,0.84,0.61,0.26
4.12,8.19,0.61,56.7,0.79,-0.07,0.79,0.61,0.3
4.88,8.15,0.66,57.3,0.78,-0.13,0.76,0.6,0.38
5.49,8.14,0.62,57.9,0.7,-0.09,0.74,0.59,0.45
5.21,8.1,0.62,58.5,0.69,-0.05,0.74,0.65,0.41
3.98,6.73,0.73,49.34,0.56,-0.02,0.82,0.49,0.28
4.52,6.8,0.74,50.34,0.63,-0.03,0.86,0.62,0.21
4.64,6.83,0.77,50.78,0.56,-0.04,0.81,0.63,0.23
4.5,6.88,0.83,51.22,0.48,0.01,0.91,0.59,0.19
4.41,6.94,0.82,51.66,0.56,0.01,0.81,0.56,0.3
3.9,6.97,0.77,52.1,0.57,-0.05,0.87,0.59,0.3
4.52,6.96,0.86,52.5,0.64,-0.02,0.88,0.65,0.22
4.31,6.97,0.67,52.9,0.7,0.07,0.81,0.55,0.4
7.08,9.56,0.94,69.94,0.88,0.06,0.8,0.87,0.24
7.43,9.63,0.92,69.88,0.92,0.1,0.82,0.88,0.24
6.85,9.66,0.92,69.82,0.91,0.1,0.82,0.84,0.23
7.62,9.64,0.9,69.76,0.89,0.07,0.79,0.88,0.22
7.27,9.68,0.92,69.7,0.88,0.05,0.76,0.89,0.22
7.23,9.71,0.89,69.9,0.93,-0.03,0.84,0.88,0.27
7.27,9.74,0.9,70.1,0.93,0.05,0.79,0.9,0.26
7.16,9.75,0.9,70.3,0.9,0.02,0.81,0.85,0.28
7.25,9.78,0.91,70.5,0.93,0.01,0.79,0.84,0.29
6.85,9.8,0.88,70.7,0.91,-0.06,0.76,0.85,0.29
7.14,9.83,0.9,70.9,0.87,-0.03,0.78,0.87,0.28
7.22,9.86,0.92,71.1,0.94,-0.08,0.74,0.87,0.28
7.14,9.87,0.88,71.3,0.94,-0.11,0.78,0.87,0.33
7,9.88,0.91,71.5,0.93,-0.15,0.84,0.85,0.3
5.82,10.16,0.91,67.12,0.66,-0.09,0.93,0.59,0.34
5.43,10.1,0.86,67.64,0.55,-0.27,0.96,0.64,0.27
5.6,10.09,0.8,67.9,0.56,-0.24,0.97,0.61,0.26
5.38,10.09,0.79,68,0.52,-0.2,0.98,0.6,0.27
6.03,10.07,0.78,68.1,0.54,-0.24,0.92,0.62,0.27
5.88,10.07,0.75,68.2,0.63,-0.2,0.94,0.59,0.28
5.38,10.07,0.65,68.3,0.52,0.13,0.92,0.6,0.29
5.21,10.1,0.77,68.4,0.69,-0.1,0.85,0.61,0.29
5.42,10.15,0.8,69,0.67,-0.07,0.88,0.61,0.34
5.34,10.19,0.77,69.6,0.72,-0.1,0.89,0.66,0.32
5.54,10.22,0.91,70.2,0.69,-0.15,0.93,0.58,0.29
5.63,10.26,0.94,70.8,0.74,-0.14,0.93,0.55,0.27
6.51,10.17,0.92,71.4,0.84,-0.06,0.96,0.74,0.29
6.24,10.57,0.88,71.44,0.84,0.02,0.71,0.83,0.25
6.83,10.56,0.81,72.16,0.78,0.05,0.8,0.75,0.33
6.39,10.55,0.82,72.4,0.76,0.07,0.83,0.79,0.3
6.69,10.53,0.84,72.54,0.74,0.18,0.84,0.76,0.27
6.18,10.48,0.77,72.68,0.72,0.1,0.87,0.76,0.37
5.44,10.41,0.74,72.82,0.66,0.1,0.87,0.75,0.42
5.63,10.41,0.77,72.96,0.71,0.06,0.87,0.74,0.4
5.44,10.45,0.77,73.1,0.63,0.11,0.89,0.75,0.38
5.79,10.51,0.79,73.3,0.76,-0.03,0.9,0.74,0.34
6.06,10.54,0.82,73.5,0.81,0.04,0.85,0.78,0.3
6.28,10.57,0.83,73.7,0.79,-0.02,0.85,0.75,0.3
6.14,10.59,0.78,73.9,0.74,-0.01,0.86,0.76,0.29
6.5,10.44,0.9,67.44,0.8,-0.06,0.93,0.74,0.28
6.25,10.42,0.93,68.1,0.78,-0.04,0.93,0.64,0.24
6.33,10.44,0.91,68.24,0.79,-0.11,0.95,0.6,0.25
6.33,10.43,0.91,68.38,0.74,-0.15,0.96,0.61,0.26
6.7,10.42,0.89,68.52,0.73,-0.16,0.92,0.72,0.25
6.48,10.45,0.88,68.66,0.8,-0.17,0.9,0.68,0.23
6.61,10.5,0.91,68.8,0.81,-0.15,0.89,0.75,0.21
6.74,10.52,0.93,69.3,0.85,-0.2,0.9,0.76,0.2
6.79,10.56,0.9,69.8,0.83,-0.18,0.87,0.74,0.23
7.03,10.58,0.93,70.3,0.79,-0.29,0.85,0.71,0.18
6.9,10.53,0.96,71.3,0.91,-0.13,0.88,0.83,0.29
7.83,10.89,0.95,69.92,0.93,0.24,0.21,0.83,0.19
7.97,10.88,0.95,70.08,0.97,0.27,0.25,0.76,0.16
7.68,10.82,0.94,70.24,0.95,0.26,0.21,0.75,0.23
7.77,10.84,0.97,70.4,0.94,0.24,0.17,0.79,0.15
7.79,10.85,0.96,70.62,0.94,0.3,0.22,0.77,0.17
7.52,10.85,0.95,70.84,0.93,0.14,0.19,0.77,0.21
7.59,10.85,0.96,71.06,0.92,0.21,0.17,0.86,0.2
7.51,10.86,0.96,71.28,0.94,0.12,0.24,0.83,0.23
7.51,10.88,0.96,71.5,0.94,0.22,0.19,0.83,0.22
7.56,10.9,0.95,71.8,0.95,0.14,0.21,0.84,0.21
7.59,10.92,0.95,72.1,0.95,0.15,0.18,0.82,0.21
7.65,10.94,0.96,72.4,0.94,0.02,0.15,0.82,0.21
7.69,10.95,0.96,72.7,0.96,0.02,0.17,0.86,0.18
7.51,10.91,0.95,73,0.94,0.05,0.21,0.82,0.23
5.01,8.11,0.69,53.26,0.77,0.13,0.58,0.76,0.12
4.91,7.93,0.9,53.78,0.65,0.01,0.63,0.66,0.23
4.37,7.88,0.63,54.7,0.75,-0.06,0.52,0.58,0.18
5.09,9.31,0.92,62.68,0.86,0.04,0.76,0.75,0.27
5.08,9.37,0.85,62.96,0.89,-0.01,0.77,0.77,0.26
4.84,9.39,0.85,63.24,0.85,-0.04,0.73,0.73,0.33
5.43,9.39,0.88,63.52,0.86,-0.05,0.81,0.79,0.28
4.74,9.46,0.86,63.8,0.82,-0.07,0.78,0.79,0.28
5.4,9.47,0.87,64.02,0.85,0.01,0.79,0.81,0.3
4.75,9.49,0.88,64.24,0.84,-0.06,0.73,0.8,0.3
5.02,9.53,0.88,64.46,0.89,0.02,0.75,0.79,0.29
5.39,9.58,0.89,64.68,0.91,-0.02,0.76,0.8,0.3
5.06,9.64,0.89,64.9,0.86,-0.07,0.76,0.71,0.29
5.24,9.69,0.9,65.2,0.87,-0.08,0.74,0.76,0.28
5.61,9.72,0.89,65.5,0.85,-0.12,0.76,0.74,0.28
5.43,9.78,0.86,65.8,0.87,-0.15,0.76,0.74,0.29
6,9.82,0.88,66.1,0.88,-0.12,0.75,0.78,0.26
5.17,9.8,0.81,66.4,0.83,-0.13,0.64,0.73,0.31
5.02,9.19,0.91,66.08,0.67,-0.09,0.9,0.82,0.36
5,9.19,0.84,66.26,0.67,-0.06,0.83,0.83,0.29
5.3,9.24,0.83,66.44,0.64,-0.09,0.8,0.84,0.28
6.02,9.22,0.78,66.62,0.74,-0.11,0.77,0.84,0.26
5.84,9.24,0.84,66.8,0.72,-0.06,0.81,0.83,0.22
5.79,9.3,0.82,66.96,0.79,-0.15,0.7,0.86,0.27
5.96,9.34,0.79,67.12,0.82,-0.08,0.73,0.85,0.33
6.02,9.38,0.8,67.28,0.79,-0.19,0.65,0.85,0.27
5.95,9.4,0.83,67.44,0.72,-0.17,0.66,0.86,0.31
5.96,9.38,0.86,67.6,0.8,-0.11,0.67,0.85,0.32
6.12,9.36,0.84,67.9,0.85,-0.01,0.77,0.85,0.36
5.84,9.36,0.85,68.2,0.88,-0.17,0.73,0.83,0.31
6.13,9.36,0.85,68.5,0.87,-0.1,0.83,0.88,0.33
5.81,9.34,0.81,68.8,0.83,-0.12,0.84,0.81,0.37
5.35,9.24,0.8,69.1,0.83,-0.16,0.85,0.79,0.42
5.07,9.21,0.74,59.94,0.61,-0.1,0.8,0.64,0.34
4.67,9.24,0.77,60,0.49,-0.08,0.83,0.57,0.28
4.17,9.24,0.75,60.16,0.59,-0.15,0.86,0.53,0.35
4.2,9.24,0.74,60.32,0.45,-0.14,0.88,0.53,0.4
3.56,9.24,0.68,60.48,0.47,-0.14,0.91,0.55,0.48
4.88,9.24,0.62,60.64,0.58,-0.13,0.75,0.54,0.33
4.76,9.27,0.73,60.8,0.66,-0.09,0.68,0.61,0.34
4.56,9.29,0.81,61.1,0.66,-0.14,0.82,0.61,0.37
5.7,8.87,0.88,62.92,0.68,-0.06,0.81,0.86,0.23
5.3,8.89,0.72,63.24,0.64,-0.01,0.79,0.87,0.22
5.19,8.91,0.75,63.56,0.64,-0.08,0.73,0.84,0.23
6.84,8.88,0.73,63.88,0.67,-0.1,0.65,0.85,0.24
6.74,8.9,0.76,64.2,0.67,-0.06,0.69,0.81,0.3
4.74,8.93,0.73,64.4,0.75,-0.13,0.71,0.88,0.34
5.93,8.96,0.81,64.6,0.68,-0.15,0.79,0.83,0.36
6.33,8.97,0.83,64.8,0.72,-0.15,0.77,0.83,0.32
5.86,8.99,0.8,65,0.78,-0.19,0.78,0.84,0.33
6.02,9.01,0.79,65.2,0.73,-0.16,0.81,0.83,0.33
6.14,9.03,0.79,65.5,0.8,-0.18,0.8,0.76,0.35
6.34,9.04,0.83,65.8,0.76,-0.17,0.78,0.85,0.27
6.24,9.06,0.82,66.1,0.86,-0.1,0.8,0.86,0.27
6.46,9.08,0.76,66.4,0.88,-0.11,0.68,0.87,0.27
5.46,9.02,0.7,66.7,0.92,-0.13,0.58,0.84,0.33
5.37,10.27,0.91,64.86,0.75,-0.26,0.8,0.66,0.21
5.33,10.35,0.9,65.32,0.71,-0.25,0.74,0.67,0.18
5.45,10.3,0.9,65.78,0.64,-0.22,0.66,0.6,0.22
5.14,10.14,0.87,66.24,0.61,-0.23,0.79,0.6,0.24
5.49,10.25,0.91,66.96,0.73,-0.17,0.69,0.65,0.2
5.36,10.28,0.89,67.22,0.7,-0.19,0.79,0.65,0.2
5.37,10.3,0.9,67.48,0.75,-0.2,0.73,0.7,0.2
5.56,10.33,0.92,67.74,0.77,-0.15,0.65,0.68,0.2
5.63,10.35,0.92,68,0.81,-0.16,0.57,0.72,0.18
5.65,10.37,0.94,68.2,0.84,-0.15,0.64,0.73,0.18
5.94,10.43,0.94,68.4,0.86,-0.1,0.67,0.81,0.16
6.09,10.47,0.93,68.6,0.89,-0.14,0.62,0.8,0.16
6.04,10.51,0.93,68.8,0.89,-0.1,0.58,0.8,0.16
6.45,10.46,0.96,69,0.95,-0.08,0.4,0.81,0.19
4.45,7.34,0.6,55.8,0.71,-0.01,0.75,0.64,0.21
4.51,7.41,0.64,56.4,0.69,0.08,0.7,0.74,0.3
4.57,7.48,0.63,57,0.8,0.11,0.57,0.71,0.24
4.3,7.55,0.72,57.5,0.74,0.04,0.7,0.73,0.25
4.18,7.61,0.73,58,0.72,0,0.76,0.61,0.3
4.38,7.65,0.74,58.5,0.74,0.04,0.8,0.66,0.27
4.1,7.71,0.75,59,0.75,0.05,0.73,0.63,0.28
4.55,7.71,0.82,59.5,0.77,0.19,0.78,0.67,0.25
7.67,10.74,0.96,69.76,0.97,-0.01,0.13,0.72,0.17
7.67,10.8,0.95,70.08,0.93,0.03,0.22,0.77,0.14
7.39,10.73,0.94,70.4,0.92,0.09,0.41,0.83,0.2
7.35,10.75,0.94,70.64,0.94,0.1,0.32,0.77,0.2
7.42,10.73,0.93,70.88,0.92,0,0.36,0.8,0.2
7.45,10.72,0.94,71.12,0.92,0.04,0.31,0.77,0.2
7.38,10.71,0.95,71.36,0.93,0,0.27,0.78,0.2
7.45,10.72,0.95,71.6,0.93,0.11,0.22,0.75,0.19
7.66,10.74,0.95,71.7,0.95,-0.03,0.25,0.8,0.18
7.79,10.77,0.96,71.8,0.96,0,0.19,0.79,0.18
7.86,10.78,0.96,71.9,0.94,-0.13,0.2,0.78,0.18
7.78,10.79,0.94,72,0.95,-0.05,0.2,0.76,0.18
7.89,10.75,0.96,72.1,0.96,-0.12,0.16,0.74,0.19
6.58,10.66,0.94,71.48,0.79,0.13,0.7,0.78,0.29
7.01,10.67,0.94,71.84,0.83,-0.03,0.67,0.75,0.28
6.28,10.64,0.92,72.02,0.8,-0.08,0.65,0.76,0.3
6.8,10.65,0.94,72.2,0.85,-0.1,0.62,0.79,0.26
6.96,10.67,0.92,72.4,0.9,-0.1,0.63,0.78,0.28
6.65,10.67,0.94,72.6,0.84,-0.15,0.61,0.75,0.25
6.67,10.67,0.91,72.8,0.88,-0.12,0.7,0.8,0.2
6.47,10.67,0.88,73,0.8,-0.12,0.66,0.81,0.22
6.36,10.68,0.9,73.2,0.82,-0.14,0.64,0.79,0.21
6.47,10.69,0.89,73.4,0.79,-0.09,0.62,0.77,0.27
6.63,10.71,0.93,73.6,0.83,-0.12,0.6,0.76,0.24
6.67,10.73,0.92,73.8,0.82,-0.14,0.58,0.77,0.28
6.69,10.74,0.96,74,0.83,-0.13,0.57,0.73,0.25
6.71,10.64,0.95,74.2,0.82,-0.17,0.56,0.73,0.23
4.25,9.61,0.65,55.48,0.77,-0.21,0.85,0.59,0.26
3.97,9.62,0.74,56.16,0.57,-0.2,0.81,0.47,0.27
3.8,9.64,0.73,56.84,0.68,-0.15,0.78,0.51,0.29
3.92,9.64,0.83,57.52,0.61,-0.2,0.78,0.54,0.29
4.66,9.65,0.76,58.2,0.67,-0.19,0.87,0.63,0.37
4.83,9.64,0.78,58.7,0.7,-0.2,0.82,0.64,0.43
4.78,9.62,0.81,59.2,0.65,-0.23,0.87,0.63,0.45
4.78,9.6,0.79,59.7,0.72,-0.2,0.82,0.64,0.42
4.91,9.61,0.76,60.2,0.74,-0.2,0.85,0.69,0.41
4.12,7.64,0.7,54.7,0.81,0.11,0.57,0.84,0.28
4.92,7.67,0.69,55,0.72,0.44,0.69,0.8,0.38
5.16,7.7,0.69,55.3,0.68,0.41,0.8,0.77,0.4
3.67,8.99,0.65,65.12,0.55,-0.27,0.75,0.43,0.27
3.71,9.12,0.55,65.04,0.46,-0.27,0.7,0.43,0.24
4.16,9.14,0.61,64.96,0.61,-0.22,0.5,0.44,0.26
3.8,9.12,0.54,64.88,0.49,-0.23,0.54,0.49,0.24
4.1,9.18,0.54,64.8,0.56,-0.25,0.46,0.5,0.24
4.2,9.26,0.5,64.86,0.63,-0.26,0.35,0.52,0.25
4.25,9.33,0.53,64.92,0.66,-0.27,0.32,0.56,0.25
4.35,9.37,0.56,64.98,0.72,-0.25,0.35,0.59,0.2
4.29,9.41,0.56,65.04,0.72,-0.23,0.42,0.57,0.2
4.12,9.44,0.52,65.1,0.64,-0.2,0.5,0.55,0.23
4.45,9.47,0.53,64.9,0.61,-0.25,0.56,0.56,0.22
4.45,9.52,0.59,64.7,0.82,-0.24,0.59,0.58,0.21
4.66,9.56,0.62,64.5,0.78,-0.23,0.76,0.57,0.24
4.89,9.62,0.68,64.3,0.81,-0.26,0.65,0.6,0.24
5.12,9.57,0.72,64.1,0.76,-0.22,0.58,0.61,0.29
6.42,10.76,0.93,70.48,0.8,0.17,0.79,0.73,0.23
6.64,10.71,0.94,70.76,0.84,0.13,0.69,0.79,0.21
6.72,10.76,0.94,70.9,0.84,0.1,0.69,0.79,0.18
6.62,10.81,0.95,70.98,0.91,0.03,0.68,0.79,0.17
6.7,10.82,0.93,71.06,0.9,0.07,0.68,0.8,0.17
6.96,10.82,0.93,71.14,0.89,0.02,0.57,0.74,0.2
6.98,10.84,0.94,71.22,0.9,0.09,0.47,0.79,0.19
7.04,10.84,0.93,71.3,0.89,0.18,0.41,0.77,0.2
6.87,10.86,0.91,71.6,0.87,0.15,0.45,0.74,0.19
7.07,10.88,0.89,71.9,0.84,0.14,0.41,0.74,0.2
7.12,10.89,0.92,72.2,0.88,0.03,0.5,0.78,0.24
7.04,10.89,0.89,72.5,0.89,0.06,0.46,0.75,0.23
7.31,10.83,0.91,72.8,0.86,-0.06,0.42,0.76,0.21
4.54,8.07,0.73,52.34,0.85,0.21,0.81,0.67,0.2
5.22,8.09,0.73,52.78,0.89,0.14,0.77,0.69,0.22
4.96,8.15,0.62,53.22,0.84,0.12,0.86,0.72,0.17
4.2,8.17,0.63,53.66,0.76,0.01,0.89,0.77,0.2
4.61,8.22,0.74,54.1,0.89,0.07,0.88,0.78,0.18
5.61,8.33,0.72,54.48,0.85,0.01,0.79,0.74,0.21
5.06,8.4,0.69,54.86,0.68,0.04,0.9,0.76,0.15
4.96,8.45,0.68,55.24,0.79,-0.07,0.88,0.69,0.21
3.86,8.45,0.65,55.62,0.68,0,0.91,0.7,0.28
3.99,8.45,0.69,56,0.85,-0.04,0.94,0.69,0.27
4.51,8.46,0.65,56.4,0.75,0.09,0.89,0.67,0.3
5.48,8.52,0.67,56.8,0.78,0.08,0.84,0.7,0.25
5,8.55,0.76,57.2,0.82,0.06,0.85,0.75,0.25
4.97,8.6,0.75,57.6,0.79,0.12,0.86,0.68,0.27
5.32,8.59,0.64,58,0.82,0.2,0.85,0.71,0.25
6.65,10.54,0.81,70.9,0.57,-0.19,0.84,0.74,0.22
6.04,10.49,0.79,71.3,0.44,-0.29,0.96,0.65,0.25
5.84,10.43,0.87,71.5,0.48,-0.3,0.95,0.63,0.29
5.37,10.34,0.85,71.56,0.53,-0.32,0.94,0.59,0.32
5.1,10.27,0.81,71.62,0.37,-0.3,0.96,0.58,0.35
4.72,10.24,0.69,71.68,0.43,-0.27,0.94,0.69,0.48
4.76,10.26,0.83,71.74,0.37,-0.29,0.93,0.69,0.39
5.62,10.26,0.83,71.8,0.53,-0.27,0.82,0.74,0.28
5.3,10.26,0.8,72,0.48,-0.26,0.9,0.7,0.34
5.15,10.28,0.75,72.2,0.44,-0.29,0.87,0.6,0.33
5.41,10.3,0.79,72.4,0.56,-0.34,0.86,0.67,0.26
5.95,10.32,0.89,72.6,0.61,-0.29,0.85,0.67,0.24
5.79,10.21,0.78,72.8,0.56,-0.24,0.76,0.68,0.32
5.9,8.85,0.83,60.74,0.66,0.17,0.71,0.82,0.29
6.33,8.89,0.87,61.08,0.63,0.14,0.81,0.82,0.22
6.41,8.9,0.87,61.42,0.63,0.21,0.8,0.83,0.23
6.45,8.89,0.83,61.76,0.64,0.2,0.76,0.83,0.24
6.29,8.9,0.86,62.1,0.7,0.17,0.8,0.85,0.24
5.74,8.92,0.77,62.46,0.76,0.01,0.86,0.84,0.29
5.86,8.94,0.8,62.82,0.86,0.02,0.82,0.86,0.35
5.99,8.95,0.83,63.18,0.88,0.04,0.82,0.87,0.33
6.54,8.98,0.83,63.54,0.84,0.11,0.8,0.83,0.3
6.46,9,0.82,63.9,0.87,0.05,0.82,0.85,0.31
6.36,9.01,0.81,64.2,0.86,0.01,0.81,0.85,0.32
6.33,9.03,0.83,64.5,0.92,-0.06,0.8,0.85,0.31
6.63,9.04,0.84,64.8,0.91,-0.01,0.77,0.87,0.26
6.26,9.06,0.77,65.1,0.9,-0.06,0.77,0.86,0.31
4.04,7.57,0.6,50.22,0.8,0.04,0.74,0.7,0.26
3.65,7.6,0.54,50.44,0.65,0,0.79,0.68,0.28
3.9,7.62,0.57,50.66,0.69,0.09,0.81,0.6,0.35
3.41,7.63,0.64,50.88,0.68,0.01,0.7,0.63,0.35
3.5,7.64,0.58,51.1,0.67,0.01,0.76,0.67,0.27
3.6,7.72,0.68,52.2,0.73,-0.06,0.8,0.69,0.37
4.87,7.79,0.63,53.3,0.74,0.04,0.75,0.7,0.42
5.25,7.82,0.63,54.4,0.73,0.09,0.78,0.74,0.44
4.77,7.85,0.66,55.5,0.69,0.1,0.76,0.69,0.47
5.99,8.77,0.85,57.26,0.69,0.11,0.84,0.77,0.3
3.75,7.41,0.69,48.46,0.45,0.4,0.85,0.61,0.33
3.85,7.42,0.68,40.38,0.47,0.26,0.81,0.61,0.26
3.77,7.38,0.55,32.3,0.37,0.22,0.85,0.56,0.29
4.84,7.42,0.57,36.86,0.41,0.24,0.68,0.62,0.24
4.41,7.44,0.75,41.42,0.48,0.29,0.72,0.59,0.28
4.62,7.46,0.65,45.98,0.61,0.29,0.67,0.54,0.33
3.89,7.48,0.55,50.54,0.51,0.28,0.71,0.59,0.33
3.57,7.48,0.56,55.1,0.4,0.31,0.78,0.62,0.33
3.35,7.48,0.58,55.3,0.3,0.29,0.84,0.55,0.37
3.82,7.47,0.65,55.5,0.48,0.38,0.65,0.57,0.32
3.62,7.48,0.54,55.7,0.59,0.42,0.72,0.58,0.36
5.4,8.46,0.93,64.54,0.65,0.09,0.84,0.86,0.15
5.1,8.5,0.82,64.78,0.68,0.23,0.83,0.76,0.2
5.42,8.52,0.83,65.02,0.69,0.22,0.86,0.79,0.21
6.03,8.47,0.82,65.26,0.66,0.12,0.86,0.8,0.26
5.87,8.49,0.8,65.5,0.65,0.1,0.82,0.8,0.26
4.96,8.51,0.77,65.72,0.78,0.1,0.88,0.82,0.31
4.6,8.53,0.78,65.94,0.7,0,0.87,0.85,0.29
4.71,8.54,0.79,66.16,0.7,-0.03,0.87,0.82,0.28
5.06,8.55,0.79,66.38,0.7,0.01,0.83,0.82,0.3
4.84,8.57,0.77,66.6,0.53,-0.1,0.85,0.86,0.31
5.65,8.59,0.77,66.8,0.85,0.08,0.79,0.83,0.3
6.02,8.62,0.84,67,0.9,0.07,0.78,0.84,0.25
5.91,8.64,0.83,67.2,0.87,0.1,0.8,0.87,0.29
5.93,8.65,0.8,67.4,0.85,0.06,0.81,0.85,0.28
4.95,10.15,0.93,65,0.54,-0.16,0.9,0.7,0.23
4.89,10.1,0.9,65.4,0.46,-0.12,0.92,0.66,0.23
4.72,10.11,0.9,65.6,0.51,-0.14,0.98,0.66,0.23
4.92,10.13,0.89,65.76,0.63,-0.09,0.94,0.64,0.3
4.68,10.12,0.91,65.92,0.57,-0.14,0.93,0.65,0.32
4.91,10.14,0.88,66.08,0.67,-0.11,0.91,0.71,0.31
5.18,10.18,0.84,66.24,0.49,-0.15,0.85,0.65,0.24
5.34,10.22,0.86,66.4,0.56,-0.2,0.91,0.71,0.24
5.45,10.25,0.9,66.8,0.55,-0.19,0.92,0.67,0.24
6.07,10.29,0.88,67.2,0.66,-0.14,0.89,0.73,0.18
5.94,10.34,0.94,67.6,0.69,-0.24,0.91,0.68,0.2
6,10.39,0.95,68,0.8,-0.2,0.88,0.74,0.18
6.04,10.34,0.94,68.4,0.77,-0.12,0.84,0.73,0.24
6.89,10.86,0.98,72.32,0.89,0.27,0.71,0.88,0.15
7.59,10.78,0.98,72.76,0.91,0.24,0.76,0.9,0.16
7.5,10.81,0.97,72.84,0.92,0.31,0.71,0.87,0.16
7.5,10.85,0.98,73,0.94,0.3,0.64,0.85,0.18
7.51,10.9,0.98,73,0.95,0.28,0.72,0.87,0.16
7.48,10.93,0.97,73,0.94,0.25,0.73,0.9,0.15
7.58,10.82,0.98,73,0.95,0.16,0.64,0.86,0.17
5.03,8.2,0.57,56.14,0.73,-0.05,0.86,0.67,0.25
5.15,8.22,0.68,56.56,0.76,-0.07,0.89,0.67,0.26
4.52,8.28,0.65,56.98,0.68,-0.03,0.9,0.77,0.3
4.99,8.35,0.6,57.4,0.78,0.06,0.86,0.7,0.27
4.63,8.39,0.55,57.7,0.84,-0.04,0.91,0.65,0.23
4.72,8.43,0.51,58,0.61,0.07,0.83,0.63,0.29
4.43,8.48,0.55,58.3,0.74,0.08,0.83,0.68,0.33
4.42,8.54,0.62,58.6,0.81,-0.03,0.83,0.71,0.28
4.34,8.6,0.61,58.9,0.78,-0.01,0.78,0.7,0.32
4.18,8.67,0.61,59.3,0.82,0.05,0.77,0.69,0.35
4.05,8.73,0.61,59.7,0.89,-0.04,0.78,0.68,0.32
3.82,8.78,0.64,60.1,0.89,0.09,0.81,0.66,0.36
3.25,8.82,0.56,60.5,0.88,0.11,0.75,0.65,0.47
4.22,8.7,0.62,60.9,0.91,0.07,0.78,0.75,0.38
4.95,8.85,0.77,59.84,0.71,0.35,0.92,0.82,0.27
5.1,8.9,0.7,59.98,0.6,0.31,0.96,0.81,0.24
4.82,8.94,0.68,60.12,0.6,0.16,0.97,0.77,0.24
5.47,8.97,0.78,60.26,0.78,0.19,0.91,0.86,0.19
5.46,9.02,0.82,60.4,0.7,0.45,0.95,0.84,0.22
5.17,9.07,0.82,60.62,0.88,0.44,0.96,0.86,0.27
5.37,9.11,0.83,60.84,0.77,0.35,0.96,0.9,0.23
5.29,9.15,0.79,61.06,0.78,0.38,0.97,0.89,0.25
5.6,9.19,0.91,61.28,0.72,0.41,0.97,0.85,0.24
5.04,9.22,0.81,61.5,0.78,0.47,0.95,0.88,0.27
5.14,9.26,0.79,61.7,0.83,0.5,0.89,0.83,0.34
5.1,9.3,0.8,61.9,0.86,0.49,0.9,0.86,0.32
5.34,9.34,0.81,62.1,0.88,0.51,0.87,0.86,0.3
5.35,9.38,0.8,62.3,0.87,0.56,0.86,0.88,0.3
5.34,9.5,0.72,62.76,0.53,0.06,0.87,0.63,0.36
5.13,9.49,0.63,63.14,0.6,0.05,0.87,0.62,0.34
4.77,9.55,0.58,64.14,0.8,0.2,0.67,0.58,0.36
5.14,9.44,0.66,64.62,0.73,0.22,0.69,0.66,0.55
4.68,9.48,0.64,64.86,0.77,0.24,0.64,0.62,0.51
4.75,9.45,0.57,65.1,0.78,0.18,0.7,0.65,0.52
4.65,9.56,0.57,65.4,0.77,0.19,0.71,0.69,0.53
4.72,9.58,0.71,65.7,0.73,0.22,0.71,0.69,0.44
4.59,9.06,0.74,58.32,0.39,-0.06,0.91,0.53,0.45
4.78,9.08,0.86,58.96,0.43,-0.2,0.85,0.52,0.4
5.07,9.11,0.85,59.6,0.42,-0.12,0.86,0.54,0.43
4.72,9.15,0.75,59.36,0.35,-0.07,0.78,0.49,0.56
4.66,9.25,0.73,59.12,0.32,-0.02,0.79,0.42,0.45
4.54,9.25,0.72,58.64,0.65,0,0.73,0.57,0.56
4.49,9.24,0.68,58.4,0.6,0.02,0.76,0.49,0.58
4.41,9.35,0.72,59,0.67,-0.05,0.8,0.49,0.57
4.46,9.3,0.69,59.6,0.63,0,0.76,0.51,0.59
4.89,9.27,0.76,60.2,0.6,-0.07,0.89,0.6,0.48
4.79,9.17,0.71,61.4,0.7,-0.02,0.85,0.64,0.53
7.14,10.97,0.97,70.14,0.94,0.24,0.47,0.88,0.21
7.57,10.93,0.98,70.82,0.89,0.32,0.49,0.88,0.15
7.05,10.87,0.96,71.16,0.83,0.32,0.58,0.86,0.23
7.26,10.88,0.97,71.5,0.86,0.35,0.62,0.88,0.2
7.01,10.88,0.98,71.6,0.95,0.38,0.59,0.86,0.19
6.96,10.88,0.96,71.7,0.9,0.3,0.57,0.83,0.24
6.76,10.88,0.95,71.8,0.88,0.33,0.56,0.81,0.24
7.02,10.96,0.97,71.9,0.92,0.26,0.41,0.78,0.23
6.83,11.17,0.95,72,0.89,0.23,0.41,0.8,0.23
7.04,11.2,0.96,72.1,0.88,0.17,0.4,0.81,0.21
7.06,11.27,0.94,72.2,0.91,0.22,0.34,0.83,0.21
6.96,11.33,0.94,72.3,0.86,0.14,0.36,0.81,0.21
7.25,11.37,0.94,72.4,0.89,0.07,0.37,0.81,0.22
7.04,11.32,0.96,72.5,0.88,0.01,0.36,0.8,0.25
6.84,10.43,0.87,71.44,0.68,0.22,0.87,0.7,0.32
7.26,10.44,0.86,71.76,0.66,0.14,0.9,0.71,0.35
7.35,10.43,0.94,72.08,0.59,0.17,0.92,0.69,0.33
7.36,10.46,0.88,72.4,0.56,0.15,0.9,0.68,0.36
7.43,10.49,0.89,72.46,0.72,0.14,0.89,0.74,0.38
7.11,10.49,0.9,72.52,0.68,0.15,0.86,0.67,0.32
7.32,10.52,0.91,72.58,0.74,0.15,0.85,0.7,0.41
7.4,10.53,0.89,72.64,0.71,0.09,0.82,0.6,0.27
7.08,10.54,0.86,72.7,0.75,0.11,0.79,0.7,0.26
7.16,10.55,0.89,72.9,0.77,0.15,0.8,0.63,0.26
7.33,10.57,0.92,73.1,0.77,0.14,0.79,0.67,0.28
6.93,10.59,0.91,73.3,0.72,0.06,0.77,0.66,0.28
7.33,10.6,0.95,73.5,0.83,0.09,0.74,0.64,0.27
7.2,10.54,0.96,73.7,0.83,-0.05,0.75,0.62,0.24
6.57,10.73,0.91,72.26,0.68,0.11,0.92,0.72,0.3
6.78,10.71,0.88,72.44,0.54,0.05,0.95,0.64,0.27
6.33,10.65,0.88,72.62,0.7,0.24,0.89,0.78,0.28
6.35,10.67,0.87,72.8,0.74,-0.06,0.92,0.6,0.24
6.06,10.67,0.91,72.84,0.57,-0.02,0.93,0.66,0.27
5.84,10.64,0.87,72.88,0.57,0.11,0.91,0.67,0.39
6.01,10.61,0.92,72.92,0.5,-0.1,0.94,0.78,0.36
6.03,10.6,0.9,72.96,0.62,-0.07,0.92,0.72,0.36
5.85,10.61,0.91,73,0.57,-0.06,0.91,0.69,0.33
5.96,10.62,0.93,73.2,0.62,-0.08,0.9,0.69,0.34
6.2,10.64,0.92,73.4,0.63,-0.04,0.87,0.66,0.32
6.52,10.65,0.91,73.6,0.65,-0.02,0.89,0.65,0.4
6.45,10.65,0.84,73.8,0.71,-0.08,0.87,0.63,0.33
6.49,10.56,0.89,74,0.72,-0.15,0.84,0.67,0.31
4.2,8.21,0.67,45.78,0.76,-0.15,0.9,0.6,0.19
3.74,8.27,0.71,47.1,0.74,-0.03,0.69,0.74,0.31
3.57,8.33,0.71,47.4,0.78,-0.08,0.67,0.65,0.29
4.45,8.39,0.7,47.7,0.8,-0.05,0.74,0.66,0.35
4.54,8.44,0.62,48.3,0.77,-0.04,0.76,0.7,0.38
5.04,8.48,0.66,48.9,0.73,-0.11,0.77,0.7,0.36
5.27,8.52,0.62,49.5,0.71,-0.05,0.79,0.68,0.39
5.39,8.56,0.68,50.1,0.74,-0.02,0.8,0.67,0.42
5.26,8.56,0.61,50.7,0.77,0.02,0.78,0.69,0.34
6.21,9.22,0.91,64.9,0.74,0,0.95,0.79,0.2
5.37,9.16,0.85,66.22,0.8,-0.06,0.91,0.84,0.24
5.71,9.15,0.86,66.46,0.79,-0.02,0.93,0.73,0.31
5.31,9.15,0.87,66.58,0.81,0,0.86,0.74,0.31
5.89,9.17,0.91,67.1,0.86,-0.13,0.88,0.77,0.24
6.31,9.19,0.88,67.5,0.89,-0.14,0.89,0.75,0.2
6.24,10.56,0.94,73.44,0.8,-0.09,0.81,0.73,0.21
5.91,10.55,0.89,73.56,0.77,-0.14,0.82,0.78,0.19
5.84,10.49,0.89,73.68,0.73,-0.21,0.74,0.79,0.17
6.06,10.53,0.9,73.8,0.77,-0.14,0.77,0.83,0.19
6.26,10.53,0.92,73.98,0.81,-0.05,0.73,0.78,0.18
5.96,10.57,0.92,74.34,0.82,-0.15,0.65,0.79,0.17
5.92,10.57,0.9,74.52,0.84,-0.14,0.62,0.74,0.19
5.88,10.59,0.92,74.7,0.83,-0.15,0.65,0.77,0.18
5.96,10.6,0.9,74.8,0.84,-0.06,0.7,0.76,0.19
5.91,10.62,0.88,74.9,0.85,-0.21,0.66,0.74,0.18
5.79,10.62,0.89,75,0.77,-0.26,0.69,0.7,0.18
5.91,10.63,0.88,75.1,0.81,-0.26,0.62,0.74,0.19
6.12,10.58,0.89,75.2,0.81,-0.26,0.61,0.74,0.19
5.6,9.32,0.84,63.98,0.65,-0.11,0.66,0.68,0.24
6,9.35,0.9,64.46,0.77,-0.07,0.74,0.65,0.27
5.48,9.8,0.87,58.2,0.73,-0.27,0.86,0.67,0.18
5.72,9.88,0.86,58.7,0.81,-0.25,0.86,0.65,0.18
5.89,9.9,0.84,59.2,0.73,-0.22,0.9,0.68,0.16
5.38,9.88,0.89,59.7,0.86,-0.25,0.84,0.68,0.13
5.51,9.94,0.9,60.2,0.79,-0.21,0.82,0.69,0.15
5.74,10,0.91,60.72,0.88,-0.23,0.8,0.69,0.15
5.76,10.03,0.89,61.24,0.84,-0.17,0.88,0.74,0.18
5.83,10.07,0.89,61.76,0.78,-0.23,0.82,0.67,0.16
5.97,10.1,0.8,62.28,0.8,0,0.81,0.72,0.17
5.95,10.1,0.93,62.8,0.74,-0.04,0.71,0.73,0.17
5.53,10.1,0.93,63.4,0.78,-0.04,0.7,0.7,0.15
5.88,10.12,0.91,64,0.74,-0.04,0.76,0.76,0.17
6.01,10.15,0.94,64.6,0.84,-0.1,0.82,0.69,0.16
6.27,10.18,0.95,65.2,0.85,-0.06,0.71,0.79,0.14
6.17,10.13,0.97,65.8,0.87,-0.06,0.66,0.68,0.15
4.22,8.04,0.91,50.22,0.62,-0.02,0.86,0.7,0.2
4.58,8.08,0.84,51.54,0.75,0.05,0.8,0.72,0.16
4.01,8.05,0.83,52.86,0.62,-0.01,0.91,0.77,0.15
4.27,8.06,0.79,54.18,0.58,0.1,0.91,0.77,0.18
4.26,8.11,0.81,55.5,0.64,0.02,0.92,0.82,0.12
4.41,8.14,0.85,56.06,0.71,0.02,0.92,0.76,0.23
4.55,8.16,0.83,56.62,0.63,0.07,0.91,0.71,0.19
3.79,8.19,0.82,57.18,0.71,0.21,0.86,0.77,0.16
4.91,8.22,0.77,57.74,0.82,0.17,0.85,0.81,0.22
4.36,8.25,0.78,58.3,0.79,0.22,0.85,0.7,0.17
4.4,8.28,0.71,58.9,0.75,0.3,0.83,0.74,0.23
4.48,8.31,0.71,59.5,0.85,0.23,0.85,0.79,0.23
4.66,8.34,0.71,60.1,0.82,0.29,0.84,0.76,0.24
4.62,8.37,0.68,60.7,0.82,0.31,0.79,0.75,0.25
4.55,8.37,0.67,61.3,0.7,0.26,0.84,0.73,0.3
6.08,11.23,0.92,63.96,0.77,-0.24,0.33,0.85,0.18
6.58,11.06,0.93,64.44,0.82,0.01,0.68,0.72,0.25
6.8,10.98,0.89,64.6,0.7,-0.03,0.49,0.72,0.2
4.64,8.19,0.84,59.98,0.68,-0.14,0.88,0.66,0.16
4.7,8.26,0.83,60.26,0.68,-0.09,0.93,0.66,0.13
4.74,8.33,0.79,60.54,0.72,-0.1,0.92,0.62,0.15
5.07,8.35,0.85,60.82,0.7,-0.14,0.9,0.61,0.17
5,8.33,0.89,61.1,0.72,-0.07,0.93,0.65,0.12
4.92,8.37,0.89,61.52,0.75,-0.15,0.93,0.68,0.15
5.21,8.36,0.86,61.94,0.7,-0.08,0.89,0.69,0.18
5.4,8.44,0.85,62.36,0.76,-0.09,0.9,0.72,0.14
5.25,8.46,0.9,62.78,0.74,0.35,0.9,0.72,0.18
4.91,8.48,0.86,63.2,0.81,0.2,0.86,0.77,0.17
4.86,8.5,0.91,63.5,0.81,0.06,0.92,0.78,0.13
5.63,8.53,0.88,63.8,0.86,0.14,0.87,0.76,0.16
5.3,8.54,0.9,64.1,0.94,0.27,0.91,0.76,0.2
5.68,8.57,0.88,64.4,0.92,0,0.89,0.77,0.21
6.25,8.5,0.9,64.7,0.94,0.1,0.93,0.8,0.26
5.08,8.25,0.81,53.92,0.93,0.44,0.69,0.89,0.16
5.36,8.31,0.79,54.44,0.87,0.48,0.58,0.86,0.14
5.04,8.37,0.81,54.96,0.89,0.42,0.64,0.83,0.2
4.7,8.55,0.69,56.3,0.88,0.46,0.59,0.9,0.23
4.62,8.89,0.71,58.3,0.89,0.07,0.59,0.87,0.34
4.86,8.94,0.7,58.7,0.91,0.14,0.63,0.85,0.33
5.2,8.96,0.73,59.1,0.91,0.06,0.62,0.88,0.31
5.28,8.96,0.66,59.5,0.92,0.14,0.75,0.82,0.36
4.71,10.03,0.88,63.16,0.64,-0.23,0.94,0.65,0.23
4.67,10.14,0.84,63.52,0.7,-0.17,0.92,0.67,0.25
5.14,10.11,0.85,63.88,0.63,-0.2,0.93,0.64,0.21
4.67,9.97,0.81,64.24,0.44,-0.18,0.94,0.53,0.24
4.97,10.03,0.84,64.86,0.56,0,0.93,0.56,0.22
5.12,10.08,0.85,65.12,0.56,-0.04,0.9,0.56,0.23
5.07,10.12,0.83,65.38,0.63,-0.07,0.84,0.64,0.23
5.73,10.14,0.88,65.64,0.67,-0.04,0.8,0.65,0.23
5.88,10.19,0.88,65.9,0.66,-0.08,0.81,0.61,0.23
5.94,10.21,0.92,66.2,0.69,-0.16,0.87,0.65,0.23
5.98,10.26,0.9,66.5,0.7,-0.15,0.8,0.62,0.23
5.9,10.31,0.91,66.8,0.61,-0.21,0.8,0.58,0.19
5.97,10.34,0.94,67.1,0.7,-0.19,0.79,0.57,0.21
6.23,10.3,0.93,67.4,0.82,-0.08,0.81,0.71,0.2
4.65,9.57,0.85,64.72,0.67,0.07,0.9,0.55,0.32
4.59,9.74,0.72,64.96,0.52,0.04,0.93,0.53,0.36
5.21,9.83,0.74,65.08,0.67,0.07,0.94,0.53,0.4
5.03,9.88,0.72,65.2,0.68,0.07,0.95,0.53,0.34
5.19,9.84,0.73,65.28,0.66,0.01,0.91,0.58,0.32
4.57,9.8,0.71,65.36,0.62,-0.01,0.86,0.5,0.34
4.98,9.77,0.71,65.44,0.66,0,0.92,0.5,0.41
5.23,9.74,0.76,65.52,0.66,-0.01,0.94,0.56,0.27
5.17,9.7,0.74,65.6,0.6,0.07,0.89,0.57,0.24
5.27,9.69,0.83,66.1,0.66,0.03,0.85,0.55,0.26
5.15,9.68,0.78,66.6,0.6,-0.07,0.91,0.52,0.24
5.17,9.66,0.83,67.1,0.61,-0.07,0.91,0.46,0.27
4.02,9.6,0.87,67.6,0.45,-0.08,0.89,0.32,0.49
4.9,7.78,0.82,45.74,0.62,-0.09,0.77,0.79,0.17
3.81,7.95,0.8,46.6,0.73,-0.1,0.74,0.73,0.27
3.79,7.93,0.77,47.3,0.76,-0.14,0.8,0.75,0.26
3.51,7.93,0.79,48.7,0.72,-0.13,0.92,0.73,0.27
3.7,7.2,0.59,49.14,0.79,0.12,0.78,0.61,0.43
4.22,7.22,0.62,49.96,0.72,-0.04,0.84,0.58,0.26
4.2,7.26,0.83,51.6,0.82,-0.04,0.82,0.59,0.22
4.57,7.39,0.71,53.28,0.59,-0.03,0.87,0.54,0.44
2.7,7.37,0.64,53.7,0.67,-0.06,0.9,0.51,0.39
3.35,7.32,0.64,54.5,0.76,0.03,0.9,0.64,0.51
4.42,7.32,0.69,55.3,0.73,-0.01,0.87,0.67,0.39
4.13,7.31,0.73,56.1,0.77,0.05,0.87,0.66,0.44
5.12,7.26,0.71,56.9,0.71,0.05,0.83,0.64,0.39
5.75,9.84,0.85,62.66,0.71,-0.03,0.79,0.69,0.32
5.65,9.49,0.82,62.3,0.78,-0.02,0.67,0.7,0.38
5.49,9.62,0.82,62.3,0.78,-0.1,0.65,0.71,0.4
5.33,9.63,0.83,62.3,0.76,-0.07,0.69,0.71,0.4
5.95,10.05,0.93,63.14,0.57,-0.29,0.97,0.62,0.25
5.81,10.16,0.94,63.48,0.59,-0.28,0.97,0.59,0.28
5.55,10.2,0.91,63.82,0.62,-0.26,0.96,0.53,0.28
5.47,10.05,0.93,64.16,0.5,-0.3,0.98,0.53,0.27
5.07,10.09,0.88,64.5,0.52,-0.28,0.96,0.47,0.27
5.43,10.17,0.91,64.7,0.57,-0.15,0.96,0.57,0.28
5.77,10.22,0.92,64.9,0.5,-0.27,0.96,0.58,0.28
5.6,10.26,0.91,65.1,0.56,-0.24,0.94,0.58,0.29
6.13,10.31,0.91,65.3,0.51,-0.26,0.96,0.62,0.29
5.71,10.34,0.93,65.5,0.64,-0.25,0.92,0.59,0.28
5.87,10.37,0.94,66.1,0.61,-0.27,0.95,0.59,0.25
6.27,10.43,0.93,66.7,0.75,-0.17,0.79,0.61,0.2
6.31,10.47,0.93,67.3,0.7,-0.24,0.85,0.52,0.21
6.06,10.52,0.92,67.9,0.78,-0.25,0.78,0.57,0.28
6.39,10.5,0.95,68.5,0.82,-0.12,0.83,0.66,0.2
6.96,11.56,0.94,71.44,0.94,0.13,0.43,0.8,0.24
7.1,11.59,0.95,71.7,0.91,0.1,0.42,0.81,0.22
7.1,11.6,0.93,71.88,0.96,0.11,0.39,0.84,0.2
6.96,11.57,0.91,72.06,0.92,0.06,0.4,0.81,0.23
7.13,11.58,0.92,72.24,0.79,-0.05,0.3,0.64,0.18
6.89,11.6,0.88,72.42,0.94,0.11,0.37,0.8,0.17
6.7,11.62,0.93,72.6,0.93,0.05,0.38,0.76,0.19
6.97,11.64,0.94,72.6,0.88,0.02,0.36,0.76,0.19
7.06,11.63,0.91,72.6,0.9,0.04,0.33,0.77,0.18
7.24,11.64,0.9,72.6,0.88,-0.02,0.39,0.75,0.2
7.4,11.65,0.91,72.6,0.93,-0.04,0.39,0.79,0.21
4.64,7.44,0.78,54.92,0.33,-0.1,0.77,0.61,0.21
4.38,7.34,0.82,56.22,0.55,-0.06,0.9,0.51,0.23
3.55,7.34,0.67,56.64,0.49,-0.06,0.85,0.69,0.19
3.82,7.33,0.67,57.06,0.48,-0.02,0.87,0.73,0.24
3.68,7.34,0.66,57.48,0.53,-0.02,0.79,0.75,0.19
3.59,7.34,0.65,57.9,0.55,-0.04,0.86,0.8,0.23
3.66,7.36,0.75,58.3,0.57,-0.07,0.86,0.81,0.2
4.08,7.37,0.63,58.7,0.57,-0.03,0.85,0.75,0.38
4.07,7.39,0.67,59.1,0.55,0,0.89,0.75,0.36
4.34,7.41,0.7,59.5,0.55,-0.01,0.72,0.72,0.3
3.83,6.68,0.55,44.88,0.77,0.2,0.68,0.67,0.22
4.89,6.74,0.6,46.26,0.91,0.2,0.69,0.73,0.18
5.15,6.84,0.72,49.02,0.88,0.18,0.69,0.77,0.13
3.95,6.89,0.61,51.42,0.73,0.1,0.85,0.71,0.27
4.28,6.88,0.6,52.44,0.64,0.17,0.89,0.82,0.2
4.04,6.91,0.56,53.46,0.75,0.08,0.86,0.81,0.25
4.56,6.93,0.51,54.48,0.79,0.06,0.82,0.7,0.26
3.87,6.93,0.49,55.5,0.8,0.06,0.83,0.63,0.26
3.48,6.93,0.52,56.2,0.81,0.07,0.82,0.6,0.33
3.42,6.95,0.56,56.9,0.85,0.03,0.73,0.61,0.31
3.33,6.95,0.53,57.6,0.8,0.07,0.77,0.59,0.36
3.87,6.97,0.55,58.3,0.77,0,0.68,0.54,0.35
6.01,9.84,0.87,64.96,0.84,0.2,0.74,0.75,0.24
6.24,9.88,0.87,65.12,0.84,0.09,0.8,0.78,0.16
5.81,9.91,0.8,65.28,0.78,0.04,0.88,0.81,0.19
5.38,9.88,0.79,65.44,0.87,-0.01,0.86,0.82,0.16
5.58,9.93,0.84,65.6,0.77,0.03,0.84,0.83,0.19
5.79,9.97,0.77,65.76,0.84,-0.02,0.84,0.89,0.15
5.91,10.01,0.84,65.92,0.85,0.02,0.85,0.87,0.18
5.77,10.04,0.83,66.08,0.79,0.26,0.76,0.74,0.32
5.96,10.08,0.86,66.24,0.81,0.24,0.84,0.77,0.26
6.32,10.12,0.82,66.4,0.68,0.22,0.84,0.78,0.31
5.34,10.22,0.79,67,0.88,0.13,0.89,0.82,0.2
5.43,10.25,0.84,67.2,0.92,0.12,0.78,0.83,0.18
4.01,7.59,0.76,45.92,0.56,-0.07,0.76,0.77,0.21
4.12,7.61,0.75,47.16,0.49,-0.01,0.92,0.68,0.16
3.98,7.62,0.73,47.78,0.63,0.01,0.82,0.76,0.15
3.76,7.64,0.75,48.4,0.75,-0.03,0.81,0.8,0.16
4.67,7.64,0.8,48.76,0.82,-0.1,0.73,0.76,0.13
4.31,7.61,0.82,49.12,0.7,-0.09,0.79,0.68,0.11
3.68,7.6,0.82,49.48,0.67,-0.05,0.76,0.72,0.19
3.98,7.64,0.84,49.84,0.65,-0.04,0.66,0.74,0.19
4.58,7.67,0.83,50.2,0.63,-0.07,0.8,0.71,0.24
4.02,7.7,0.84,50.7,0.7,-0.07,0.86,0.81,0.3
4.74,7.72,0.74,51.2,0.75,-0.07,0.86,0.74,0.39
4.42,7.73,0.69,51.7,0.74,-0.03,0.79,0.77,0.37
4.99,7.75,0.76,52.2,0.67,-0.04,0.85,0.71,0.36
6.45,10.49,0.94,72.08,0.9,0.4,0.67,0.65,0.35
6.61,10.57,0.92,72.2,0.91,0.35,0.66,0.68,0.35
6.59,10.6,0.93,72.2,0.92,0.34,0.7,0.69,0.35
6.68,10.63,0.94,72.2,0.92,0.25,0.69,0.72,0.3
6.91,10.67,0.93,72.2,0.93,0.18,0.59,0.72,0.3
6.73,10.68,0.92,72.2,0.92,0.09,0.69,0.71,0.36
4.15,8.53,0.68,53.66,0.57,-0.07,0.59,0.73,0.17
4.25,8.5,0.67,53.94,0.59,-0.02,0.84,0.73,0.18
4.5,8.47,0.82,54.22,0.73,0.04,0.85,0.74,0.17
4.77,8.47,0.86,54.5,0.67,0.06,0.73,0.78,0.13
4.79,8.48,0.75,54.82,0.57,0.05,0.75,0.76,0.17
4.67,8.49,0.76,55.14,0.49,-0.02,0.71,0.78,0.16
4.2,8.51,0.74,55.46,0.6,-0.08,0.68,0.79,0.2
4.48,8.52,0.85,55.78,0.47,-0.05,0.59,0.76,0.16
3.92,8.54,0.88,56.1,0.45,0.06,0.71,0.82,0.19
4.47,8.53,0.79,56.4,0.47,-0.17,0.84,0.73,0.22
4.68,8.53,0.78,56.7,0.53,-0.15,0.78,0.64,0.27
4.31,8.53,0.8,57,0.47,-0.11,0.71,0.66,0.28
4.15,8.56,0.8,57.3,0.63,-0.1,0.74,0.69,0.26
5.48,9.77,0.8,64.7,0.85,0.19,0.85,0.74,0.25
5.65,9.87,0.79,65.3,0.82,0.18,0.88,0.81,0.22
5.61,9.94,0.84,65.8,0.82,0.14,0.89,0.79,0.25
6.17,9.97,0.91,66.1,0.91,0.09,0.82,0.75,0.17
5.88,10.01,0.91,66.4,0.87,-0.07,0.79,0.77,0.16
6.24,10.04,0.91,66.7,0.89,-0.05,0.81,0.81,0.15
6.01,9.97,0.89,67,0.84,-0.04,0.77,0.77,0.14
6.53,9.82,0.88,66.32,0.67,-0.1,0.75,0.82,0.25
6.83,9.82,0.88,66.38,0.68,-0.13,0.79,0.82,0.2
6.96,9.75,0.87,66.44,0.68,-0.08,0.76,0.85,0.2
6.8,9.79,0.88,66.5,0.78,-0.05,0.69,0.84,0.21
6.91,9.81,0.82,66.68,0.83,-0.1,0.7,0.79,0.23
7.32,9.83,0.77,66.86,0.79,-0.09,0.63,0.78,0.28
7.44,9.83,0.76,67.04,0.74,-0.17,0.61,0.79,0.22
6.68,9.85,0.78,67.22,0.78,-0.09,0.63,0.8,0.23
6.24,9.87,0.76,67.4,0.72,-0.15,0.71,0.74,0.24
6.82,9.88,0.89,67.7,0.75,-0.15,0.81,0.86,0.22
6.41,9.89,0.8,68,0.86,-0.2,0.8,0.84,0.23
6.55,9.9,0.86,68.3,0.82,-0.18,0.81,0.88,0.21
6.43,9.89,0.85,68.6,0.9,-0.14,0.81,0.86,0.25
5.96,9.78,0.78,68.9,0.87,-0.12,0.78,0.81,0.29
5.1,8.94,0.81,60.58,0.55,-0.16,0.93,0.62,0.26
4.78,8.97,0.8,60.76,0.7,-0.19,0.93,0.57,0.31
5.5,9.04,0.87,60.94,0.64,-0.06,0.93,0.58,0.28
5.55,8.98,0.86,61.12,0.55,-0.1,0.93,0.56,0.31
5.59,9.05,0.85,61.3,0.6,-0.09,0.93,0.58,0.28
5.79,9.11,0.87,61.62,0.63,-0.08,0.96,0.57,0.28
6,9.11,0.83,61.94,0.6,-0.05,0.95,0.57,0.31
5.76,9.19,0.8,62.26,0.66,-0.07,0.94,0.58,0.26
5.92,9.24,0.81,62.58,0.62,-0.11,0.93,0.58,0.26
6.02,9.25,0.84,62.9,0.59,-0.09,0.94,0.59,0.28
5.58,9.3,0.84,63.6,0.56,-0.05,0.97,0.62,0.28
5.33,9.36,0.83,64.3,0.55,-0.05,0.93,0.58,0.26
5.68,9.42,0.89,65,0.82,-0.08,0.93,0.58,0.27
5.8,9.47,0.81,65.7,0.78,-0.09,0.88,0.63,0.26
5.81,9.46,0.87,66.4,0.86,-0.06,0.94,0.73,0.27
4.61,8.83,0.88,58.82,0.78,0.06,0.92,0.57,0.2
4.49,8.9,0.92,59.28,0.48,0.07,0.96,0.59,0.17
4.59,8.92,0.9,60.2,0.63,0.1,0.93,0.71,0.15
5.03,9.06,0.95,60.5,0.7,0.15,0.93,0.69,0.15
4.88,9.16,0.92,60.8,0.69,0.11,0.93,0.69,0.18
4.91,9.25,0.94,61.1,0.75,0.14,0.93,0.65,0.18
4.83,9.3,0.94,61.4,0.75,0.15,0.91,0.63,0.17
4.98,9.31,0.91,61.7,0.69,0.17,0.9,0.65,0.21
5.06,9.3,0.95,61.9,0.76,0.09,0.9,0.69,0.17
5.33,9.33,0.92,62.1,0.68,0.12,0.86,0.68,0.21
5.46,9.39,0.94,62.3,0.7,0.05,0.85,0.65,0.19
5.56,9.42,0.95,62.5,0.71,0.15,0.87,0.71,0.17
6.01,9.4,0.92,62.7,0.72,0.14,0.84,0.64,0.26
5.2,9.69,0.83,66.2,0.51,-0.13,0.81,0.58,0.34
4.8,9.7,0.82,66.8,0.56,-0.1,0.84,0.62,0.42
5.46,9.72,0.81,67.1,0.55,-0.21,0.76,0.59,0.41
5.22,9.76,0.82,67.26,0.55,-0.23,0.76,0.6,0.38
5.22,9.73,0.7,67.42,0.46,-0.19,0.76,0.57,0.38
5.07,9.76,0.74,67.58,0.5,-0.18,0.69,0.54,0.33
5.28,9.78,0.86,67.74,0.5,0.1,0.77,0.59,0.37
5.12,9.81,0.74,67.9,0.58,-0.14,0.78,0.58,0.34
5.3,9.84,0.87,68.1,0.57,-0.09,0.85,0.59,0.34
5.62,9.88,0.88,68.3,0.63,-0.08,0.76,0.52,0.35
5.65,9.93,0.86,68.5,0.63,-0.05,0.77,0.59,0.35
5.39,9.97,0.83,68.7,0.69,-0.1,0.82,0.59,0.37
5.72,9.91,0.89,68.9,0.8,0.06,0.84,0.6,0.41
5.08,8.78,0.83,63.8,0.58,-0.22,0.88,0.74,0.19
4.97,8.8,0.68,64.1,0.76,-0.19,0.84,0.69,0.28
5.14,8.83,0.6,64.4,0.57,-0.21,0.77,0.78,0.24
5.16,8.87,0.61,65,0.71,-0.23,0.84,0.66,0.26
5.39,8.87,0.66,65.3,0.82,-0.24,0.72,0.71,0.2
5.31,8.9,0.64,65.6,0.81,-0.22,0.84,0.56,0.32
4.9,8.91,0.55,65.9,0.77,-0.23,0.84,0.64,0.42
5.06,8.93,0.54,66.2,0.76,-0.24,0.76,0.59,0.41
4.8,8.87,0.55,66.5,0.82,-0.23,0.8,0.59,0.26
4.59,6.78,0.88,44.8,0.68,0.04,0.76,0.62,0.33
4.83,6.82,0.75,45.5,0.64,0.07,0.85,0.63,0.24
4.65,6.87,0.76,46.2,0.51,0.01,0.86,0.62,0.28
4.97,6.98,0.82,48.32,0.64,-0.02,0.72,0.59,0.24
4.55,7.14,0.67,51.2,0.81,0.09,0.63,0.56,0.34
4.28,7.16,0.68,53.2,0.82,-0.03,0.68,0.65,0.35
4.65,7.16,0.74,54.2,0.9,0.05,0.69,0.64,0.4
4.93,7.16,0.74,55.2,0.87,0.07,0.68,0.59,0.38
4.44,8.16,0.61,57.02,0.69,0.65,0.69,0.76,0.2
4.18,8.23,0.76,57.38,0.78,0.69,0.64,0.8,0.22
4.22,8.36,0.75,58.1,0.81,0.69,0.63,0.87,0.27
4.62,8.41,0.79,58.4,0.88,0.68,0.61,0.8,0.3
4.15,8.46,0.8,58.7,0.89,0.65,0.62,0.75,0.28
4.41,8.52,0.77,59,0.91,0.49,0.65,0.78,0.3
4.43,8.54,0.76,59.3,0.9,0.56,0.68,0.76,0.29
4.43,8.55,0.8,59.6,0.82,0.47,0.65,0.8,0.29
4.89,9.06,0.83,49.68,0.78,-0.1,0.84,0.81,0.16
4.57,9.23,0.76,55.16,0.85,-0.18,0.79,0.75,0.24
4.44,9.21,0.83,56.2,0.81,-0.19,0.83,0.72,0.28
4.83,9.2,0.86,56.5,0.75,-0.17,0.85,0.74,0.24
4.44,9.17,0.84,56.8,0.74,-0.17,0.88,0.67,0.26
4.45,9.1,0.74,57.1,0.67,-0.1,0.81,0.65,0.25
4.75,7.64,0.79,57.7,0.41,0.32,0.89,0.64,0.15
4.44,7.69,0.82,58.2,0.62,0.29,0.9,0.74,0.15
4.92,7.72,0.81,58.7,0.62,0.04,0.95,0.57,0.21
4.35,7.76,0.78,59.2,0.52,0.09,0.91,0.67,0.23
3.81,7.8,0.74,59.4,0.53,-0.01,0.94,0.7,0.21
4.23,7.85,0.73,59.6,0.64,0.07,0.88,0.74,0.23
4.61,7.89,0.74,59.8,0.72,0.15,0.88,0.63,0.28
4.97,7.95,0.79,60,0.71,0.12,0.84,0.61,0.29
4.81,7.98,0.75,60.2,0.76,0.23,0.82,0.54,0.36
5.1,7.97,0.84,61.3,0.84,0.17,0.82,0.63,0.37
4.74,8.04,0.82,62.4,0.84,0.13,0.77,0.57,0.38
4.91,8.09,0.77,63.5,0.77,0.12,0.74,0.54,0.39
5.45,8.14,0.77,64.6,0.79,0.17,0.71,0.54,0.36
7.45,10.88,0.94,70.8,0.9,0.34,0.45,0.82,0.21
7.63,10.9,0.94,71,0.88,0.36,0.42,0.79,0.18
7.5,10.86,0.96,71.4,0.92,0.35,0.4,0.85,0.21
7.56,10.88,0.94,71.52,0.93,0.34,0.36,0.86,0.18
7.47,10.86,0.94,71.64,0.88,0.29,0.43,0.86,0.23
7.41,10.86,0.93,71.76,0.92,0.3,0.51,0.87,0.23
7.32,10.87,0.91,71.88,0.91,0.33,0.46,0.87,0.22
7.32,10.88,0.88,72,0.9,0.26,0.41,0.83,0.2
7.54,10.9,0.93,72.1,0.91,0.24,0.43,0.84,0.21
7.46,10.92,0.94,72.2,0.92,0.25,0.36,0.85,0.18
7.46,10.94,0.94,72.3,0.92,0.16,0.37,0.86,0.2
7.42,10.95,0.94,72.4,0.89,0.21,0.36,0.84,0.23
7.5,10.9,0.94,72.5,0.94,0.15,0.28,0.78,0.25
7.3,10.53,0.95,71.2,0.93,0.31,0.22,0.88,0.22
7.6,10.55,0.97,71.4,0.88,0.28,0.29,0.85,0.24
7.38,10.53,0.94,71.6,0.89,0.3,0.33,0.85,0.23
7.22,10.52,0.98,72,0.92,0.25,0.32,0.85,0.23
7.19,10.54,0.95,72.12,0.94,0.28,0.27,0.86,0.21
7.25,10.55,0.93,72.24,0.9,0.29,0.29,0.87,0.21
7.28,10.57,0.96,72.36,0.94,0.24,0.31,0.83,0.15
7.31,10.59,0.94,72.48,0.93,0.35,0.27,0.85,0.2
7.42,10.61,0.99,72.6,0.94,0.33,0.19,0.83,0.16
7.23,10.62,0.94,72.8,0.93,0.27,0.28,0.83,0.21
7.33,10.63,0.95,73,0.94,0.29,0.22,0.82,0.17
7.37,10.66,0.95,73.2,0.95,0.12,0.21,0.84,0.17
7.21,10.67,0.94,73.4,0.91,0.16,0.23,0.82,0.19
7.26,10.6,0.95,73.6,0.92,0.12,0.28,0.85,0.21
4.46,8.4,0.88,64.14,0.74,0.01,0.84,0.78,0.29
4.94,8.43,0.87,64.48,0.84,0.14,0.83,0.81,0.29
5.1,8.45,0.86,64.82,0.79,0.08,0.82,0.78,0.29
5.35,8.41,0.83,65.16,0.75,0.07,0.79,0.78,0.3
5.69,8.44,0.86,65.5,0.79,0.02,0.8,0.81,0.27
5.39,8.48,0.8,65.72,0.78,-0.02,0.76,0.79,0.31
5.45,8.53,0.89,65.94,0.85,0.02,0.64,0.8,0.26
5.77,8.57,0.87,66.16,0.86,0.04,0.64,0.84,0.27
6.28,8.6,0.84,66.38,0.82,0.1,0.7,0.81,0.33
5.92,8.64,0.83,66.6,0.81,0.08,0.73,0.8,0.35
6.01,8.67,0.85,66.9,0.72,0.04,0.73,0.81,0.38
6.48,8.7,0.84,67.2,0.92,0.01,0.67,0.85,0.31
5.82,8.65,0.85,67.5,0.8,0.01,0.71,0.79,0.41
6.11,8.6,0.87,67.8,0.88,0.03,0.62,0.83,0.34
3.74,6.89,0.68,46.36,0.75,0.08,0.76,0.76,0.18
4.28,6.88,0.73,47.12,0.58,-0.06,0.75,0.71,0.16
4.24,6.92,0.61,47.88,0.65,-0.06,0.75,0.65,0.19
4.27,6.9,0.77,48.64,0.88,-0.01,0.48,0.73,0.12
4.1,6.94,0.66,49.4,0.82,-0.02,0.53,0.74,0.13
4.56,6.92,0.82,49.92,0.78,-0.06,0.55,0.7,0.17
3.8,6.99,0.7,50.44,0.73,-0.06,0.78,0.6,0.14
3.72,7,0.7,50.96,0.82,-0.08,0.71,0.65,0.21
4.18,7.03,0.75,51.48,0.69,-0.05,0.6,0.68,0.2
3.67,7.03,0.71,52,0.73,-0.03,0.7,0.68,0.22
4.24,7.05,0.68,52.5,0.7,-0.02,0.81,0.68,0.33
4.62,7.06,0.58,53,0.68,-0.03,0.78,0.73,0.43
5.16,7.09,0.61,53.5,0.79,0.01,0.64,0.77,0.5
5,7.11,0.68,54,0.83,0.03,0.73,0.82,0.3
4.71,8.33,0.73,44.12,0.65,0.09,0.87,0.78,0.18
4.89,8.36,0.72,44.64,0.64,0.14,0.92,0.83,0.14
4.94,8.4,0.78,45.16,0.58,0.12,0.89,0.74,0.24
4.98,8.45,0.72,45.68,0.54,0.07,0.91,0.74,0.23
4.76,8.5,0.82,46.2,0.56,0.07,0.91,0.78,0.19
5.49,8.54,0.82,47.12,0.65,0.07,0.9,0.81,0.21
4.82,8.58,0.66,47.58,0.62,0.05,0.91,0.64,0.29
4.93,8.62,0.81,48.5,0.68,-0.04,0.93,0.72,0.25
5.22,8.57,0.81,48.9,0.8,0.04,0.91,0.73,0.25
5.32,8.55,0.73,49.3,0.83,0.12,0.83,0.72,0.24
5.25,8.55,0.74,49.7,0.79,-0.01,0.87,0.81,0.26
4.36,8.54,0.73,50.1,0.73,0.03,0.87,0.71,0.24
5.5,8.48,0.74,50.5,0.71,0.1,0.91,0.74,0.32
4.49,9.42,0.81,64.09,0.44,0.08,0.87,0.6,0.25
4.43,9.46,0.73,64.35,0.55,-0.04,0.84,0.58,0.37
4.18,9.5,0.69,64.5,0.51,-0.06,0.86,0.57,0.31
4.9,9.52,0.78,64.66,0.61,-0.09,0.86,0.59,0.36
4.64,9.51,0.8,64.81,0.61,-0.08,0.92,0.64,0.42
5.19,9.54,0.83,64.94,0.64,0.03,0.86,0.58,0.33
5.2,9.58,0.79,65.05,0.65,0.04,0.86,0.64,0.31
4.98,9.61,0.77,65.14,0.66,-0.05,0.82,0.62,0.3
5.35,9.64,0.87,65.22,0.71,0.08,0.87,0.64,0.29
5.23,9.65,0.8,65.3,0.75,-0.06,0.86,0.5,0.3
5.24,9.68,0.85,65.39,0.74,-0.04,0.91,0.59,0.3
5.01,9.71,0.81,65.47,0.72,0.02,0.92,0.58,0.3
5.05,9.69,0.75,65.56,0.79,0.13,0.88,0.6,0.36
7.42,11.03,0.96,71.32,0.96,0.11,0.4,0.83,0.2
7.63,11.04,0.94,71.56,0.95,0.02,0.5,0.79,0.15
7.68,11.02,0.95,72.24,0.95,0.15,0.37,0.82,0.21
7.44,11.02,0.94,72.68,0.96,0.18,0.41,0.83,0.19
7.6,11.03,0.95,72.9,0.95,0.26,0.3,0.84,0.21
7.6,11.04,0.96,73,0.95,0.13,0.41,0.85,0.21
7.58,11.05,0.95,73.1,0.95,0.24,0.25,0.85,0.2
7.44,11.06,0.97,73.2,0.96,0.09,0.27,0.83,0.21
7.44,11.06,0.94,73.3,0.95,0.11,0.27,0.82,0.2
7.29,11.04,0.96,73.4,0.96,0.07,0.27,0.82,0.22
5.67,8.28,0.48,55,0.4,0.09,0.79,0.68,0.31
4.41,8.27,0.37,55.4,0.34,0.1,0.85,0.66,0.32
5.21,8.28,0.52,55.8,0.39,0.08,0.87,0.64,0.35
5.79,8.27,0.57,56.2,0.36,0.3,0.85,0.65,0.37
5.27,8.28,0.51,56.42,0.38,0.03,0.86,0.63,0.36
5.13,8.29,0.54,56.64,0.37,0.17,0.84,0.67,0.33
5.14,8.31,0.61,56.86,0.45,0.1,0.79,0.6,0.27
5.44,8.34,0.55,57.08,0.54,0.14,0.68,0.58,0.29
4.82,8.36,0.56,57.3,0.59,0.09,0.72,0.57,0.33
5.55,8.39,0.63,57.7,0.63,0.1,0.79,0.65,0.33
5.83,8.43,0.69,58.1,0.71,0.04,0.71,0.59,0.31
5.47,8.46,0.69,58.5,0.77,0.07,0.8,0.57,0.38
4.44,8.45,0.62,58.9,0.69,0.12,0.78,0.58,0.42
4.15,8.22,0.71,61.9,0.36,-0.08,0.84,0.57,0.41
4.39,8.28,0.67,62.02,0.36,-0.07,0.75,0.57,0.4
4.47,8.33,0.74,62.13,0.47,-0.09,0.8,0.54,0.47
4.7,8.38,0.82,62.25,0.5,-0.12,0.75,0.63,0.38
6.13,9.76,0.95,67.9,0.88,-0.05,0.91,0.84,0.23
6.89,9.86,0.94,68,0.64,0.08,0.92,0.82,0.15
6.93,9.94,0.92,68.1,0.71,0.06,0.88,0.82,0.15
7.03,9.93,0.91,68.2,0.72,0.01,0.89,0.88,0.14
7.32,9.97,0.93,68.3,0.76,-0.01,0.88,0.89,0.15
7.25,10.06,0.88,68.5,0.83,0.01,0.84,0.89,0.18
6.86,10.13,0.9,68.7,0.78,0,0.8,0.87,0.21
6.87,10.18,0.9,68.9,0.81,0.02,0.81,0.87,0.23
6.63,10.22,0.87,69.1,0.89,0,0.85,0.81,0.25
6.61,10.26,0.88,69.3,0.85,-0.01,0.81,0.8,0.26
6.12,10.29,0.88,69.4,0.88,-0.1,0.84,0.86,0.24
6.57,10.32,0.91,69.5,0.9,-0.17,0.84,0.83,0.24
6.28,10.34,0.9,69.6,0.86,-0.13,0.84,0.88,0.22
6.09,10.36,0.89,69.7,0.88,-0.2,0.87,0.88,0.24
4.73,9.09,0.9,63.62,0.69,0.07,0.84,0.82,0.3
5.27,9.13,0.86,63.84,0.7,0.13,0.93,0.87,0.22
5.57,9.17,0.89,64.06,0.65,0.06,0.89,0.85,0.26
5.58,9.16,0.9,64.28,0.72,0.03,0.86,0.83,0.19
5.84,9.25,0.89,64.5,0.73,0.08,0.78,0.85,0.18
5.68,9.28,0.87,64.62,0.67,0.19,0.76,0.81,0.19
5.82,9.26,0.93,64.74,0.75,0.2,0.77,0.84,0.21
5.94,9.33,0.94,64.86,0.91,0.05,0.9,0.92,0.22
5.12,9.36,0.96,64.98,0.76,0,0.76,0.94,0.22
5.56,9.38,0.91,65.1,0.81,-0.01,0.86,0.87,0.22
5.8,9.41,0.94,65.3,0.85,-0.07,0.76,0.93,0.2
5.71,9.44,0.9,65.5,0.89,0,0.81,0.9,0.23
5.65,9.45,0.89,65.9,0.88,0.03,0.88,0.86,0.28
4.81,8.99,0.88,65.34,0.67,-0.07,0.9,0.7,0.42
5.21,9.06,0.76,65.58,0.64,-0.08,0.93,0.76,0.36
5.13,9.14,0.78,65.82,0.64,-0.07,0.9,0.76,0.35
5.52,9.14,0.8,66.06,0.64,-0.08,0.88,0.81,0.32
5.61,9.22,0.81,66.3,0.76,-0.06,0.88,0.8,0.33
5.89,9.27,0.76,66.48,0.77,-0.12,0.82,0.78,0.33
5.83,9.32,0.76,66.66,0.7,-0.08,0.87,0.76,0.4
5.78,9.37,0.8,66.84,0.7,-0.07,0.87,0.78,0.39
5.87,9.38,0.82,67.02,0.72,-0.14,0.88,0.76,0.32
5.58,9.4,0.8,67.2,0.8,-0.09,0.88,0.75,0.38
5.7,9.43,0.8,67.5,0.83,-0.13,0.87,0.82,0.34
5.71,9.43,0.83,67.8,0.83,-0.15,0.9,0.79,0.39
5.68,9.46,0.84,68.1,0.83,-0.18,0.91,0.81,0.38
6,9.46,0.81,68.4,0.81,-0.13,0.87,0.82,0.38
5.07,8.61,0.8,60,0.85,-0.02,0.88,0.78,0.38
4.59,8.63,0.8,60.2,0.86,0.08,0.82,0.81,0.38
4.88,8.63,0.78,60.4,0.87,0,0.81,0.85,0.31
4.94,8.69,0.81,60.6,0.89,0.03,0.81,0.88,0.29
4.99,8.71,0.79,60.8,0.88,0.07,0.78,0.85,0.36
5,8.76,0.81,61,0.91,0.05,0.77,0.86,0.35
4.98,8.8,0.85,61.2,0.91,0.02,0.76,0.8,0.33
5.31,8.85,0.81,61.4,0.9,-0.01,0.79,0.81,0.33
5.55,8.9,0.85,61.6,0.91,-0.05,0.76,0.81,0.35
5.43,8.95,0.82,61.7,0.91,-0.07,0.79,0.82,0.29
5.59,9,0.85,61.8,0.93,-0.14,0.71,0.77,0.34
5.87,9.05,0.85,61.9,0.92,-0.11,0.73,0.77,0.39
6.27,9.1,0.84,62,0.91,-0.08,0.75,0.78,0.34
5.08,9.06,0.78,62.1,0.93,-0.12,0.74,0.8,0.33
5.89,9.98,0.91,66.7,0.77,-0.05,0.93,0.76,0.24
5.77,10.05,0.92,67.1,0.82,0.07,0.9,0.69,0.25
5.89,10.09,0.95,67.3,0.8,0,0.91,0.74,0.23
5.65,10.13,0.91,67.46,0.87,-0.07,0.91,0.72,0.22
5.88,10.15,0.94,67.62,0.81,-0.03,0.89,0.79,0.27
5.75,10.16,0.91,67.78,0.78,-0.14,0.92,0.78,0.24
5.75,10.2,0.92,67.94,0.88,-0.06,0.9,0.78,0.22
6.01,10.23,0.89,68.1,0.79,-0.09,0.81,0.73,0.24
6.16,10.27,0.92,68.5,0.87,-0.09,0.85,0.78,0.22
6.2,10.31,0.88,68.9,0.83,-0.12,0.64,0.68,0.2
6.11,10.37,0.86,69.3,0.87,-0.25,0.72,0.74,0.18
6.24,10.41,0.88,69.7,0.88,-0.23,0.7,0.72,0.17
6.14,10.37,0.95,70.1,0.77,-0.01,0.79,0.76,0.33
5.41,10.36,0.91,69.84,0.88,-0.18,0.88,0.71,0.33
5.72,10.38,0.89,70.32,0.65,-0.22,0.93,0.7,0.31
5.09,10.37,0.86,70.8,0.72,-0.11,0.95,0.74,0.27
5.22,10.35,0.86,71,0.88,-0.17,0.96,0.72,0.28
4.99,10.31,0.87,71.2,0.77,-0.1,0.96,0.73,0.37
5.16,10.31,0.87,71.4,0.79,-0.12,0.95,0.7,0.35
5.13,10.32,0.86,71.6,0.85,-0.13,0.94,0.7,0.36
5.08,10.35,0.87,71.8,0.8,-0.16,0.94,0.66,0.37
5.45,10.37,0.91,72,0.84,-0.23,0.92,0.68,0.33
5.71,10.41,0.9,72.2,0.91,-0.18,0.88,0.65,0.29
5.92,10.43,0.89,72.4,0.88,-0.26,0.88,0.68,0.32
6.09,10.46,0.88,72.6,0.88,-0.23,0.92,0.71,0.3
5.77,10.37,0.88,72.8,0.91,-0.24,0.87,0.65,0.38
6.42,11.46,0.89,66.58,0.86,0.23,0.18,0.68,0.26
5.39,9.89,0.74,64.48,0.69,-0.19,0.95,0.64,0.28
5.37,9.95,0.81,64.96,0.61,-0.2,0.97,0.55,0.27
4.91,9.91,0.69,65.2,0.57,-0.09,0.97,0.6,0.34
5.02,9.94,0.75,65.42,0.65,-0.14,0.96,0.54,0.29
5.17,9.96,0.74,65.64,0.65,-0.11,0.96,0.56,0.34
5.08,10,0.78,65.86,0.66,-0.13,0.95,0.64,0.33
5.73,10.04,0.75,66.08,0.75,-0.1,0.96,0.65,0.33
5.78,10.08,0.79,66.3,0.8,-0.14,0.96,0.71,0.31
5.97,10.14,0.81,66.6,0.82,-0.12,0.95,0.69,0.26
6.09,10.21,0.81,66.9,0.84,-0.16,0.93,0.73,0.23
6.15,10.26,0.82,67.2,0.84,-0.22,0.92,0.73,0.3
6.13,10.31,0.84,67.5,0.85,-0.22,0.95,0.7,0.24
4.96,9.99,0.9,58.68,0.64,-0.31,0.94,0.61,0.23
5.22,10.07,0.89,59.26,0.59,-0.28,0.93,0.62,0.19
5.62,10.12,0.88,59.84,0.64,-0.3,0.92,0.59,0.17
5.16,10.04,0.91,60.42,0.62,-0.28,0.95,0.57,0.17
5.38,10.09,0.91,61,0.61,-0.3,0.94,0.59,0.17
5.39,10.13,0.88,61.42,0.63,-0.28,0.94,0.6,0.17
5.62,10.17,0.9,61.84,0.61,-0.29,0.94,0.61,0.17
5.54,10.18,0.88,62.26,0.66,-0.29,0.93,0.68,0.18
6.04,10.17,0.93,62.68,0.74,-0.27,0.87,0.69,0.15
6,10.15,0.92,63.1,0.69,-0.17,0.91,0.68,0.13
5.86,10.15,0.91,63.5,0.71,-0.18,0.93,0.64,0.14
5.58,10.17,0.9,63.9,0.73,-0.14,0.86,0.71,0.2
5.51,10.19,0.91,64.3,0.73,-0.15,0.86,0.67,0.2
5.44,10.21,0.91,64.7,0.71,-0.12,0.85,0.69,0.2
5.5,10.16,0.89,65.1,0.71,-0.07,0.82,0.65,0.19
4.36,7.24,0.49,53.04,0.75,0.02,0.29,0.64,0.22
4.03,7.27,0.56,54.62,0.77,0,0.41,0.68,0.11
4.1,7.37,0.57,56.82,0.83,-0.04,0.16,0.67,0.15
3.33,7.43,0.64,57.44,0.83,-0.01,0.08,0.7,0.13
3.47,7.45,0.75,58.06,0.9,-0.03,0.12,0.76,0.17
3.6,7.48,0.75,58.68,0.89,-0.02,0.08,0.76,0.13
3.48,7.54,0.68,59.3,0.91,0.03,0.1,0.72,0.21
3.33,7.58,0.67,59.9,0.91,0.03,0.16,0.75,0.28
3.11,7.59,0.52,60.5,0.91,0.05,0.21,0.76,0.36
3.56,7.64,0.62,61.1,0.92,0.06,0.16,0.79,0.31
3.27,7.71,0.49,61.7,0.87,0.06,0.17,0.74,0.42
6.81,10.72,0.82,64.04,0.53,-0.02,0.51,0.71,0.2
6.15,10.67,0.92,64.22,0.64,-0.11,0.45,0.74,0.32
4.42,7.88,0.76,53.38,0.74,-0.05,0.81,0.74,0.23
4.68,7.9,0.72,54.06,0.7,0,0.83,0.71,0.2
4.68,7.92,0.76,54.74,0.61,-0.03,0.88,0.67,0.25
4.33,7.91,0.81,55.42,0.56,-0.04,0.92,0.76,0.23
4.37,7.92,0.76,56.1,0.78,-0.08,0.85,0.77,0.14
3.83,7.9,0.6,56.56,0.64,-0.16,0.87,0.75,0.18
3.67,7.93,0.71,57.02,0.67,-0.04,0.85,0.77,0.21
3.65,7.93,0.82,57.48,0.64,-0.05,0.84,0.68,0.17
4.39,7.96,0.86,57.94,0.69,-0.04,0.7,0.72,0.16
4.62,8,0.7,58.4,0.72,-0.11,0.77,0.71,0.21
4.59,8.03,0.84,58.8,0.74,-0.09,0.79,0.78,0.24
4.68,8.07,0.74,59.2,0.69,-0.04,0.82,0.75,0.29
4.77,8.11,0.74,59.6,0.63,-0.07,0.81,0.71,0.25
5.49,8.13,0.69,60,0.76,-0.02,0.8,0.79,0.33
4.75,9.53,0.84,65.6,0.45,-0.17,0.91,0.58,0.33
4.38,9.57,0.77,66,0.37,-0.18,0.96,0.54,0.43
4.46,9.58,0.73,66.2,0.46,-0.17,0.96,0.53,0.41
4.82,9.61,0.77,66.36,0.44,-0.18,0.98,0.55,0.41
5.16,9.61,0.82,66.52,0.46,-0.13,0.95,0.51,0.37
5.1,9.64,0.83,66.68,0.53,-0.1,0.91,0.53,0.4
5.11,9.63,0.78,66.84,0.53,0.07,0.91,0.5,0.33
5.32,9.65,0.82,67,0.55,-0.06,0.86,0.5,0.3
5.75,9.69,0.9,67.4,0.61,-0.07,0.89,0.54,0.3
5.12,9.71,0.88,67.8,0.69,-0.08,0.85,0.51,0.33
5.94,9.76,0.85,68.2,0.74,-0.1,0.86,0.56,0.3
6.24,9.81,0.9,68.6,0.75,-0.04,0.81,0.51,0.24
6.04,9.79,0.85,69,0.84,0.15,0.82,0.6,0.36
3.63,7.14,0.56,40.3,0.68,0.1,0.84,0.51,0.38
3.58,7.19,0.69,41.2,0.72,0.25,0.83,0.58,0.29
3,7.21,0.59,42.1,0.72,0.15,0.93,0.53,0.37
4.13,7.25,0.81,43.9,0.73,0.01,0.91,0.51,0.29
4.5,7.29,0.78,44.32,0.77,0.01,0.85,0.45,0.3
4.51,7.58,0.71,45.16,0.72,-0.07,0.86,0.52,0.42
4.5,7.6,0.87,45.58,0.68,0.03,0.79,0.57,0.33
4.91,7.35,0.61,46,0.62,0.05,0.82,0.62,0.41
4.73,7.38,0.66,47.6,0.68,0.11,0.86,0.58,0.46
4.09,7.4,0.65,49.2,0.71,0.08,0.85,0.6,0.49
4.31,7.42,0.65,50.8,0.72,0.1,0.86,0.55,0.47
3.45,7.45,0.61,52.4,0.72,0.07,0.87,0.51,0.44
6.83,11.21,0.92,73.9,0.87,0.29,0.06,0.7,0.11
6.64,11.18,0.84,74.2,0.66,0.05,0.07,0.72,0.26
6.14,11.15,0.87,74.5,0.78,-0.07,0.04,0.5,0.21
6.53,11.27,0.86,74.8,0.85,-0.02,0.06,0.6,0.13
6.56,11.31,0.9,75.02,0.82,-0.15,0.1,0.48,0.14
6.53,11.36,0.81,75.46,0.83,0.12,0.24,0.77,0.15
7.06,11.38,0.82,75.68,0.83,0.15,0.13,0.84,0.18
6.62,11.4,0.87,75.9,0.89,0.15,0.1,0.8,0.14
6.03,11.42,0.93,76.2,0.9,0.14,0.05,0.82,0.11
6.38,11.46,0.9,76.5,0.93,0.14,0.16,0.8,0.18
6.38,11.49,0.9,76.8,0.92,-0.07,0.1,0.79,0.11
6.38,11.49,0.93,77.1,0.94,0.03,0.07,0.72,0.14
5.26,10.02,0.95,66,0.54,-0.05,0.95,0.68,0.31
6.05,10.17,0.92,66.8,0.64,-0.1,0.91,0.67,0.28
5.95,10.2,0.92,67.04,0.73,0.01,0.91,0.64,0.29
5.91,10.21,0.93,67.28,0.62,-0.03,0.91,0.66,0.3
5.94,10.22,0.91,67.52,0.6,-0.05,0.92,0.7,0.28
6.14,10.24,0.92,67.76,0.64,-0.13,0.91,0.7,0.27
6.16,10.29,0.94,68,0.59,-0.13,0.93,0.71,0.27
5.99,10.31,0.94,68.3,0.7,-0.06,0.92,0.77,0.23
6.37,10.34,0.91,68.6,0.71,-0.06,0.92,0.79,0.21
6.24,10.38,0.92,68.9,0.76,-0.17,0.91,0.75,0.25
6.24,10.4,0.93,69.2,0.77,-0.13,0.93,0.75,0.25
6.52,10.33,0.95,69.5,0.76,-0.07,0.9,0.76,0.27
5.81,10.4,0.94,68,0.94,0.04,0.71,0.65,0.31
5.83,10.41,0.92,68.9,0.9,-0.02,0.8,0.64,0.3
6.08,10.42,0.92,69.2,0.9,0.03,0.84,0.67,0.29
6.04,10.43,0.93,69.4,0.91,-0.03,0.89,0.65,0.28
6.06,10.4,0.93,69.6,0.9,-0.02,0.89,0.66,0.28
5.97,10.38,0.93,69.8,0.89,0.04,0.92,0.64,0.27
5.68,10.41,0.91,70,0.89,0.05,0.91,0.62,0.29
5.74,10.43,0.9,70.2,0.9,0.01,0.89,0.66,0.26
5.94,10.46,0.93,70.5,0.9,-0.06,0.84,0.63,0.27
6.17,10.51,0.93,70.8,0.92,-0.03,0.83,0.61,0.29
6.25,10.55,0.94,71.1,0.94,-0.12,0.84,0.64,0.28
6.67,10.56,0.95,71.4,0.94,-0.1,0.79,0.68,0.23
6.46,10.48,0.95,71.7,0.96,-0.08,0.8,0.61,0.31
5.2,9.43,0.79,48.64,0.69,-0.16,0.86,0.73,0.21
5.35,9.44,0.81,49.26,0.75,-0.1,0.87,0.77,0.21
5.22,9.41,0.88,49.88,0.74,-0.15,0.9,0.73,0.23
4.65,9.43,0.92,50.5,0.74,-0.2,0.79,0.79,0.12
4.93,9.45,0.86,51.46,0.83,-0.15,0.82,0.76,0.23
5.13,9.45,0.91,52.42,0.59,-0.16,0.84,0.76,0.18
3.66,9.46,0.84,53.38,0.71,-0.08,0.8,0.77,0.17
4.83,9.46,0.88,54.34,0.79,-0.12,0.82,0.8,0.24
4.89,9.46,0.9,55.3,0.86,-0.13,0.85,0.78,0.16
4.77,9.45,0.88,55.7,0.77,-0.07,0.81,0.79,0.3
4.51,9.45,0.87,56.1,0.79,-0.13,0.86,0.79,0.27
4.88,9.44,0.84,56.5,0.75,-0.05,0.84,0.81,0.28
5.04,9.43,0.85,56.9,0.74,-0.13,0.82,0.8,0.27
4.95,9.33,0.89,57.3,0.76,-0.01,0.91,0.82,0.29
5.33,10.31,0.78,70.2,0.71,-0.05,0.8,0.65,0.34
5.77,10.36,0.83,70.5,0.66,-0.06,0.8,0.69,0.23
5.39,10.38,0.75,70.8,0.52,-0.1,0.77,0.64,0.24
5.65,10.39,0.81,71.1,0.6,-0.1,0.79,0.7,0.21
6.12,10.45,0.82,71.4,0.68,-0.03,0.75,0.66,0.13
6.95,10.47,0.81,71.66,0.68,-0.05,0.83,0.66,0.17
5.96,10.52,0.8,72.18,0.64,-0.05,0.83,0.68,0.19
5.8,10.55,0.74,72.44,0.62,-0.04,0.83,0.65,0.28
5.78,10.57,0.77,72.7,0.62,-0.04,0.84,0.65,0.24
5.97,10.59,0.81,73,0.59,0.03,0.86,0.68,0.23
5.87,10.62,0.81,73.3,0.54,0.01,0.85,0.62,0.23
5.84,10.64,0.8,73.6,0.6,-0.09,0.8,0.66,0.22
5.9,10.66,0.78,73.9,0.71,-0.06,0.72,0.68,0.24
5.79,10.65,0.81,74.2,0.71,-0.11,0.67,0.64,0.25
7,10.59,0.96,72.06,0.78,-0.09,0.78,0.76,0.26
7.29,10.58,0.95,72.34,0.83,-0.15,0.68,0.77,0.26
6.2,10.53,0.93,72.62,0.75,-0.13,0.8,0.75,0.34
6.19,10.53,0.95,72.9,0.8,-0.14,0.84,0.72,0.32
6.52,10.52,0.94,73.02,0.82,-0.12,0.85,0.74,0.36
6.29,10.49,0.94,73.14,0.76,-0.06,0.84,0.75,0.37
6.15,10.48,0.93,73.26,0.76,-0.1,0.92,0.7,0.37
6.46,10.49,0.95,73.38,0.74,-0.03,0.85,0.72,0.34
6.38,10.53,0.96,73.5,0.73,-0.07,0.82,0.73,0.28
6.32,10.56,0.94,73.8,0.77,-0.05,0.82,0.65,0.3
6.23,10.59,0.9,74.1,0.76,-0.03,0.79,0.62,0.3
6.51,10.61,0.91,74.4,0.72,-0.07,0.78,0.66,0.36
6.46,10.62,0.95,74.7,0.78,-0.05,0.73,0.66,0.32
6.5,10.49,0.94,75,0.78,-0.12,0.73,0.69,0.32
4.34,8.91,0.86,65.78,0.72,0.06,0.84,0.76,0.22
4.42,8.97,0.84,65.86,0.74,0.11,0.85,0.71,0.22
4.43,9.02,0.82,65.94,0.83,0.16,0.86,0.79,0.15
4.21,9.05,0.83,66.02,0.8,0.31,0.69,0.77,0.17
3.98,9.12,0.81,66.1,0.74,0.26,0.77,0.82,0.16
4.18,9.19,0.84,66.2,0.82,0.14,0.76,0.82,0.17
4.22,9.28,0.82,66.3,0.8,0.16,0.82,0.86,0.2
4.37,9.3,0.81,66.4,0.83,0.27,0.84,0.86,0.21
4.27,9.34,0.81,66.5,0.87,0.3,0.79,0.84,0.19
4.61,9.38,0.86,66.6,0.9,0.32,0.86,0.85,0.23
4.33,9.44,0.82,67,0.83,0.09,0.84,0.8,0.27
4.43,9.46,0.83,67.2,0.86,0.11,0.86,0.83,0.3
4.21,9.48,0.81,67.4,0.82,0.05,0.86,0.82,0.32
4.46,8.11,0.91,53.7,0.71,0.08,0.7,0.73,0.24
4.43,8.08,0.85,54,0.65,-0.04,0.74,0.67,0.22
4.31,8.2,0.82,54.28,0.58,-0.02,0.66,0.59,0.25
4.55,8.3,0.81,54.56,0.41,-0.06,0.73,0.58,0.24
4.14,8.32,0.81,55.12,0.39,-0.06,0.79,0.54,0.3
6.27,9.8,0.8,62.24,0.89,-0.08,0.75,0.76,0.25
4.87,8.94,0.84,40.81,0.61,-0.07,0.92,0.82,0.25
4.21,9.06,0.78,50.35,0.71,-0.18,0.69,0.82,0.25
4.4,9.07,0.76,51.27,0.6,-0.19,0.72,0.78,0.28
7.24,10.81,0.92,71.48,0.91,0.15,0.29,0.8,0.18
7.52,10.79,0.92,71.62,0.91,0.12,0.31,0.8,0.13
7.27,10.74,0.9,71.76,0.86,0.22,0.29,0.82,0.15
7.5,10.79,0.97,71.9,0.91,0.14,0.25,0.83,0.2
7.38,10.81,0.92,71.98,0.94,0.16,0.27,0.81,0.18
7.56,10.8,0.93,72.06,0.94,0.13,0.25,0.85,0.17
7.43,10.8,0.92,72.14,0.94,0.16,0.32,0.83,0.18
7.24,10.82,0.93,72.22,0.94,0.2,0.25,0.84,0.21
7.29,10.85,0.93,72.3,0.94,0.21,0.23,0.82,0.19
7.37,10.86,0.91,72.4,0.92,0.15,0.25,0.82,0.2
7.29,10.87,0.91,72.5,0.94,0.17,0.24,0.81,0.17
7.38,10.88,0.93,72.6,0.94,0.08,0.26,0.82,0.16
7.4,10.88,0.93,72.7,0.94,0.09,0.25,0.83,0.2
7.31,10.84,0.94,72.8,0.95,0.09,0.2,0.77,0.22
7.47,11.05,0.95,71.54,0.92,0.29,0.41,0.82,0.21
7.53,11.05,0.94,72.26,0.89,0.12,0.34,0.81,0.2
7.78,11.08,0.95,72.78,0.94,0.14,0.32,0.86,0.18
7.49,11.1,0.96,73.06,0.95,0.06,0.28,0.82,0.19
7.57,11.1,0.94,73.2,0.93,0.11,0.21,0.81,0.17
7.46,11.11,0.93,73.5,0.93,0.09,0.3,0.78,0.21
7.47,11.12,0.95,73.8,0.93,0.18,0.32,0.77,0.2
7.51,11.13,0.93,74.1,0.93,0.1,0.3,0.79,0.19
7.69,11.14,0.95,74.4,0.91,0.04,0.29,0.8,0.17
7.51,11.08,0.95,74.7,0.92,-0.06,0.28,0.77,0.19
5.32,8.65,0.71,63.9,0.66,0.12,0.68,0.61,0.34
4.98,8.65,0.84,64,0.75,0.08,0.69,0.57,0.29
4.46,8.73,0.93,64.1,0.65,0.01,0.74,0.56,0.23
4.04,8.73,0.58,62.32,0.53,0.13,0.74,0.6,0.5
3.16,8.56,0.59,60.54,0.47,0.32,0.67,0.46,0.7
2.69,8.4,0.58,58.76,0.46,0.23,0.66,0.39,0.62
3.46,8.44,0.46,55.2,0.45,0.04,0.69,0.37,0.64
6.19,10.61,0.88,68.68,0.63,-0.03,0.85,0.81,0.09
5.55,10.61,0.83,69.14,0.64,-0.02,0.79,0.79,0.17
6.23,10.69,0.83,69.6,0.68,0.01,0.82,0.84,0.14
4.61,7.55,0.72,60.64,0.7,-0.09,0.77,0.57,0.2
4.43,7.61,0.73,61.08,0.82,0,0.66,0.69,0.13
5.06,7.67,0.7,61.52,0.82,0.02,0.72,0.61,0.16
4.58,7.68,0.68,61.96,0.74,0,0.79,0.6,0.2
4.38,7.72,0.76,62.4,0.78,0.06,0.68,0.64,0.19
4.26,7.77,0.75,62.56,0.78,-0.12,0.67,0.7,0.17
4.5,7.82,0.73,62.72,0.75,-0.07,0.72,0.71,0.2
4.97,7.87,0.7,62.88,0.69,0.06,0.76,0.68,0.17
4.9,7.91,0.81,63.04,0.85,0,0.7,0.66,0.2
5.12,7.95,0.84,63.2,0.85,0.02,0.74,0.69,0.2
5.1,7.99,0.86,63.5,0.7,0.01,0.63,0.64,0.22
5.83,8.04,0.66,63.8,0.83,0.12,0.72,0.6,0.28
3.92,7.49,0.78,48.7,0.79,-0.03,0.65,0.75,0.21
4.32,7.52,0.71,49.6,0.72,-0.01,0.71,0.76,0.22
4.38,7.55,0.77,50.5,0.56,0.26,0.93,0.74,0.18
3.41,7.57,0.84,51.4,0.61,0.31,0.9,0.78,0.16
3.23,7.6,0.81,52.3,0.6,0.14,0.87,0.72,0.15
4.07,7.65,0.88,53.04,0.74,-0.05,0.82,0.77,0.14
4.01,7.66,0.83,53.78,0.58,0.21,0.89,0.68,0.2
3.85,7.7,0.8,54.52,0.65,0.05,0.86,0.74,0.19
3.48,7.73,0.79,55.26,0.65,0.11,0.88,0.73,0.24
3.66,7.76,0.79,56,0.76,0.15,0.91,0.62,0.19
2.9,7.8,0.64,56.5,0.78,0.18,0.74,0.69,0.25
3.35,7.84,0.7,57,0.8,0.12,0.65,0.71,0.26
3.44,7.86,0.68,57.5,0.81,0.15,0.61,0.76,0.22
3.64,7.89,0.69,58,0.85,0.1,0.59,0.73,0.24
3.79,7.88,0.74,58.5,0.83,0.29,0.52,0.69,0.27
5.88,9.46,0.89,64.14,0.86,0.33,0.94,0.81,0.16
5.78,9.51,0.89,64.48,0.87,0.39,0.9,0.83,0.18
5.64,9.52,0.83,64.82,0.87,0.42,0.93,0.82,0.14
5.48,9.51,0.89,65.16,0.87,0.53,0.9,0.9,0.17
6.22,9.58,0.9,65.5,0.86,0.54,0.92,0.9,0.18
6.66,9.58,0.88,65.72,0.93,0.4,0.92,0.93,0.12
6.3,9.64,0.91,65.94,0.85,0.38,0.91,0.85,0.14
6.23,9.67,0.93,66.16,0.78,0.46,0.93,0.85,0.14
6.99,9.67,0.93,66.38,0.9,0.55,0.92,0.81,0.17
6.2,9.7,0.87,66.6,0.89,0.32,0.91,0.91,0.17
6.07,9.73,0.91,66.8,0.92,0.36,0.88,0.83,0.22
5.94,9.77,0.88,67,0.92,0.21,0.88,0.82,0.23
6.01,9.8,0.87,67.2,0.91,0.26,0.91,0.84,0.2
6.02,9.82,0.9,67.4,0.9,0.31,0.88,0.84,0.21
5.88,9.77,0.87,67.6,0.84,0.27,0.92,0.78,0.33
3.2,7.08,0.43,49.26,0.63,-0.01,0.85,0.61,0.35
2.81,7.05,0.29,50.18,0.29,-0.06,0.93,0.36,0.38
2.94,7.15,0.3,51.58,0.58,-0.07,0.83,0.48,0.4
2.84,7.25,0.44,53.02,0.66,-0.09,0.8,0.58,0.44
3.77,7.28,0.48,53.5,0.77,-0.07,0.73,0.6,0.42
3.88,7.31,0.51,53.9,0.73,-0.01,0.81,0.6,0.48
4.36,7.32,0.51,54.3,0.72,-0.04,0.73,0.61,0.43
4.02,7.35,0.6,54.7,0.61,-0.01,0.81,0.61,0.45
4.18,7.38,0.54,55.1,0.62,0.07,0.74,0.59,0.44
5.83,10.22,0.89,61.76,0.84,0.14,0.92,0.8,0.23
6.7,10.29,0.86,62.08,0.84,0.09,0.96,0.82,0.18
6.52,10.26,0.86,62.54,0.78,0.08,0.9,0.91,0.13
6.17,10.29,0.88,62.82,0.85,0.13,0.95,0.83,0.29
6.19,10.18,0.92,63.5,0.86,0.01,0.91,0.85,0.25
5.13,9.22,0.86,65.1,0.62,-0.14,0.73,0.72,0.25
4.88,9.19,0.71,65.28,0.6,-0.2,0.91,0.59,0.25
4.46,9.22,0.61,65.46,0.57,-0.18,0.9,0.52,0.33
5.25,9.24,0.65,65.64,0.54,-0.21,0.89,0.52,0.24
4.76,9.26,0.68,65.82,0.59,-0.23,0.78,0.5,0.32
5.13,9.26,0.61,66,0.71,-0.23,0.81,0.57,0.32
4.52,9.26,0.7,66.3,0.61,-0.17,0.81,0.61,0.38
4.12,9.27,0.72,66.6,0.48,-0.22,0.87,0.42,0.38
4.74,9.28,0.73,66.9,0.65,-0.19,0.84,0.59,0.36
4.32,9.28,0.61,67.2,0.66,-0.21,0.89,0.54,0.43
4.73,9.23,0.72,67.5,0.67,-0.2,0.88,0.58,0.44
5.62,9.9,0.79,63.32,0.46,-0.18,0.8,0.65,0.4
5.12,9.9,0.65,63.68,0.41,-0.19,0.79,0.61,0.34
5.21,9.84,0.76,64.04,0.46,-0.23,0.85,0.6,0.32
5.49,9.91,0.8,64.4,0.52,-0.19,0.81,0.65,0.33
5.27,10,0.69,64.64,0.45,-0.24,0.65,0.62,0.38
5.31,10.03,0.74,64.88,0.47,-0.22,0.7,0.65,0.34
4.89,10.09,0.8,65.12,0.54,-0.23,0.7,0.64,0.39
5.58,10.12,0.86,65.36,0.65,-0.02,0.76,0.48,0.38
5.51,10.17,0.85,65.6,0.65,-0.02,0.81,0.46,0.38
5.33,10.18,0.88,66,0.64,-0.07,0.76,0.47,0.39
5.61,10.24,0.88,66.4,0.64,-0.24,0.67,0.45,0.31
5.19,10.25,0.85,66.8,0.53,-0.18,0.81,0.43,0.35
4.87,10.25,0.79,67.2,0.63,-0.14,0.76,0.42,0.37
4.86,10.22,0.86,67.6,0.51,-0.11,0.77,0.38,0.44
3.73,7.37,0.76,46.48,0.75,-0.04,0.81,0.59,0.25
4.46,7.42,0.84,47.46,0.71,0,0.88,0.71,0.23
4.57,7.47,0.81,48.44,0.58,-0.06,0.85,0.64,0.24
4.61,7.5,0.85,49.42,0.76,-0.04,0.84,0.64,0.3
4.19,7.53,0.83,50.4,0.8,-0.01,0.85,0.65,0.25
4.83,7.59,0.88,51.22,0.73,0.03,0.83,0.68,0.25
4.31,7.59,0.89,52.04,0.65,0.08,0.84,0.75,0.27
3.71,7.59,0.88,52.86,0.76,0.05,0.82,0.68,0.35
3.77,7.61,0.82,53.68,0.83,0.01,0.9,0.68,0.4
4.24,7.63,0.75,54.5,0.76,0.14,0.87,0.7,0.35
4.23,7.64,0.75,54.9,0.74,0.13,0.81,0.67,0.41
4,7.64,0.74,55.3,0.77,0.06,0.82,0.7,0.4
4.32,7.66,0.74,55.7,0.73,0.08,0.86,0.69,0.39
4.95,7.69,0.81,56.1,0.7,0.14,0.83,0.69,0.39
4.64,7.68,0.8,56.5,0.69,0.15,0.88,0.7,0.42
4.8,9.38,0.85,60.12,0.62,-0.26,0.93,0.62,0.25
5.25,9.46,0.82,60.64,0.49,-0.24,0.97,0.64,0.21
5.17,9.49,0.86,61.16,0.49,-0.27,0.93,0.57,0.19
5.17,9.33,0.84,61.68,0.46,-0.24,0.96,0.58,0.19
5.06,9.37,0.88,62.2,0.48,-0.19,0.95,0.51,0.23
5.08,9.43,0.86,62.5,0.58,-0.23,0.93,0.59,0.22
5.03,9.44,0.9,62.8,0.56,-0.22,0.9,0.57,0.19
4.71,9.44,0.9,63.1,0.57,-0.22,0.94,0.64,0.23
4.3,9.43,0.88,63.4,0.53,0.08,0.93,0.59,0.25
3.96,9.33,0.91,63.7,0.43,-0.03,0.95,0.57,0.24
4.03,9.35,0.89,64,0.5,0.01,0.89,0.59,0.22
4.31,9.38,0.86,64.3,0.6,0,0.94,0.6,0.23
4.66,9.42,0.9,64.6,0.66,-0.07,0.94,0.61,0.22
4.7,9.46,0.88,64.9,0.71,-0.08,0.89,0.63,0.2
5.27,9.43,0.89,65.2,0.78,0.13,0.95,0.69,0.28
6.73,11.37,0.9,65.92,0.9,-0.03,0.2,0.75,0.28
6.87,10.97,0.89,66.28,0.85,0.02,0.34,0.77,0.29
7.1,10.91,0.91,66.4,0.88,0.06,0.35,0.76,0.23
6.8,10.7,0.97,70.46,0.84,0.34,0.5,0.78,0.24
6.99,10.69,0.95,70.74,0.76,0.33,0.55,0.82,0.22
6.91,10.64,0.96,71.02,0.82,0.34,0.56,0.85,0.23
7.03,10.65,0.95,71.3,0.84,0.4,0.59,0.86,0.18
6.87,10.66,0.95,71.38,0.9,0.34,0.44,0.84,0.17
6.88,10.66,0.94,71.46,0.89,0.37,0.42,0.84,0.18
6.92,10.68,0.94,71.54,0.91,0.35,0.57,0.78,0.25
6.76,10.7,0.91,71.62,0.86,0.35,0.48,0.79,0.25
6.51,10.71,0.94,71.7,0.83,0.3,0.46,0.8,0.22
6.82,10.72,0.95,71.9,0.82,0.25,0.46,0.78,0.23
7.1,10.74,0.94,72.1,0.81,0.29,0.42,0.76,0.21
7.23,10.74,0.93,72.3,0.84,0.23,0.4,0.78,0.23
7.16,10.75,0.94,72.5,0.85,0.27,0.48,0.78,0.25
6.8,10.63,0.93,72.7,0.89,0.2,0.49,0.76,0.23
7.28,10.92,0.95,68.38,0.88,0.26,0.67,0.87,0.23
7.16,10.89,0.91,68.54,0.83,0.2,0.67,0.84,0.26
7.16,10.9,0.93,68.7,0.83,0.24,0.69,0.86,0.23
7.12,10.91,0.92,68.68,0.86,0.16,0.7,0.84,0.27
7.03,10.93,0.9,68.66,0.82,0.21,0.71,0.83,0.26
7.25,10.94,0.93,68.64,0.79,0.27,0.75,0.81,0.26
7.15,10.96,0.9,68.62,0.87,0.22,0.7,0.83,0.28
6.86,10.98,0.9,68.6,0.85,0.22,0.7,0.81,0.28
6.8,10.99,0.9,68.5,0.76,0.14,0.74,0.81,0.26
6.99,11,0.92,68.4,0.87,0.2,0.68,0.83,0.27
6.88,11.03,0.9,68.3,0.82,0.12,0.71,0.81,0.29
6.94,11.04,0.92,68.2,0.84,0.14,0.71,0.81,0.24
7.03,11,0.94,68.1,0.85,0.03,0.68,0.79,0.29
5.79,9.54,0.91,67.44,0.81,-0.11,0.48,0.78,0.31
5.69,9.6,0.88,67.58,0.79,-0.17,0.61,0.78,0.27
5.66,9.67,0.88,67.72,0.81,-0.14,0.6,0.75,0.26
6.3,9.71,0.92,67.86,0.82,-0.12,0.54,0.79,0.26
6.06,9.78,0.89,68,0.83,-0.16,0.47,0.81,0.23
6.55,9.83,0.89,68.14,0.85,-0.08,0.56,0.81,0.25
6.45,9.86,0.86,68.28,0.87,0.07,0.61,0.79,0.21
6.44,9.9,0.92,68.42,0.89,-0.04,0.59,0.83,0.25
6.56,9.93,0.9,68.56,0.9,-0.07,0.53,0.87,0.25
6.63,9.93,0.89,68.7,0.92,-0.03,0.67,0.89,0.3
6.17,9.95,0.9,68.8,0.89,-0.07,0.68,0.84,0.28
6.34,9.97,0.91,68.9,0.9,-0.09,0.63,0.84,0.28
6.37,9.98,0.92,69,0.88,-0.1,0.68,0.88,0.28
6.6,9.98,0.93,69.1,0.9,-0.1,0.6,0.89,0.22
6.31,9.94,0.92,69.2,0.91,-0.08,0.49,0.81,0.27
5.23,8.19,0.9,61.44,0.78,-0.12,0.61,0.73,0.2
5.74,8.49,0.92,63.4,0.93,0.04,0.52,0.79,0.12
6.02,8.55,0.93,63.6,0.91,-0.04,0.46,0.79,0.12
5.94,8.61,0.96,63.8,0.95,-0.03,0.43,0.75,0.13
6.05,8.66,0.95,64,0.95,0.06,0.54,0.81,0.11
5.97,8.71,0.97,64.2,0.98,0.38,0.47,0.84,0.1
6.42,8.78,0.94,64.8,0.98,0.12,0.47,0.84,0.2
6.21,8.82,0.92,65.1,0.97,0.32,0.52,0.82,0.21
6.15,8.85,0.92,65.4,0.97,0.3,0.51,0.84,0.22
6.53,9.46,0.95,65.46,0.8,-0.03,0.65,0.86,0.18
6.26,9.7,0.92,65.58,0.68,-0.23,0.78,0.8,0.22
7.19,9.54,0.94,65.64,0.68,-0.12,0.83,0.82,0.18
7.48,9.72,0.93,65.7,0.77,-0.15,0.75,0.86,0.13
6.58,9.82,0.93,65.74,0.77,-0.23,0.77,0.83,0.2
7.07,9.83,0.93,65.78,0.8,-0.19,0.74,0.86,0.18
6.55,9.74,0.9,65.82,0.64,-0.22,0.84,0.84,0.24
6.14,9.56,0.9,65.86,0.57,-0.2,0.83,0.81,0.24
5.57,9,0.91,65.9,0.51,-0.12,0.81,0.87,0.22
4.04,9.01,0.9,66.1,0.46,-0.15,0.89,0.69,0.39
5.07,9.07,0.9,66.3,0.64,-0.17,0.84,0.73,0.36
5.42,8.39,0.86,66.02,0.92,0.09,0.75,0.59,0.21
5.48,8.44,0.81,66.18,0.89,0.2,0.79,0.67,0.22
5.3,8.48,0.81,66.34,0.83,-0.06,0.84,0.58,0.19
5.3,8.54,0.79,66.5,0.83,-0.01,0.74,0.69,0.22
5.77,8.59,0.9,66.66,0.82,0.1,0.74,0.53,0.19
5.54,8.63,0.78,66.82,0.86,-0.11,0.81,0.61,0.22
5.02,8.67,0.76,66.98,0.92,-0.03,0.77,0.72,0.17
5.06,8.82,0.88,67.5,0.89,-0.09,0.8,0.54,0.22
5.3,8.93,0.83,67.9,0.91,-0.04,0.81,0.69,0.19
5.47,8.99,0.85,68.1,0.95,-0.13,0.79,0.75,0.19
4.81,8.28,0.76,54,0.64,-0.05,0.83,0.58,0.37
4.35,8.45,0.73,54.3,0.66,-0.1,0.85,0.58,0.31
3.75,8.34,0.66,54.3,0.64,-0.17,0.75,0.5,0.28
4.06,8.24,0.68,54.3,0.71,-0.17,0.79,0.5,0.26
4.22,8.24,0.69,54.3,0.54,-0.18,0.89,0.56,0.27
3.97,8.12,0.64,54.3,0.66,-0.16,0.89,0.61,0.28
2.98,7.86,0.67,54.3,0.61,-0.14,0.83,0.51,0.32
4.82,7.82,0.8,44.26,0.72,-0.01,0.79,0.7,0.23
4,7.87,0.69,45.72,0.68,-0.07,0.95,0.69,0.25
4.73,7.92,0.62,47.18,0.72,0.06,0.89,0.74,0.21
5.26,7.98,0.78,48.64,0.7,-0.1,0.92,0.73,0.12
5,8.07,0.86,50.84,0.66,0,0.88,0.83,0.2
5.01,8.11,0.78,51.58,0.79,0.01,0.81,0.73,0.25
5.24,8.13,0.76,52.32,0.77,-0.1,0.73,0.73,0.31
4.35,8.15,0.71,53.06,0.81,-0.01,0.81,0.69,0.33
4.84,8.14,0.69,53.8,0.76,-0.04,0.87,0.69,0.38
4.35,8.15,0.77,54.3,0.81,0.12,0.77,0.73,0.37
3.93,8.16,0.74,54.8,0.82,0.14,0.74,0.69,0.39
4.04,8.17,0.72,55.3,0.79,0.05,0.81,0.7,0.35
3.31,8.15,0.64,55.8,0.81,0.08,0.83,0.74,0.39
4.84,8.12,0.77,56.3,0.75,0.06,0.81,0.69,0.34
3.83,7.71,0.82,41.58,0.43,-0.08,0.91,0.71,0.3
3.28,7.67,0.83,42.86,0.46,-0.08,0.95,0.66,0.27
3.17,7.46,0.84,44.14,0.34,-0.09,0.96,0.63,0.25
4.06,7.56,0.81,45.42,0.41,-0.08,0.93,0.74,0.22
4.68,7.73,0.86,46.7,0.67,-0.09,0.83,0.75,0.12
4.85,7.85,0.86,48.12,0.63,-0.09,0.83,0.78,0.21
4.96,7.98,0.9,49.54,0.47,-0.1,0.86,0.67,0.18
4.69,7.99,0.8,50.96,0.58,-0.1,0.83,0.71,0.18
4.18,7.99,0.77,52.38,0.64,-0.07,0.82,0.72,0.24
3.7,7.99,0.74,53.8,0.67,-0.12,0.81,0.71,0.18
3.73,7.98,0.77,54.4,0.73,-0.1,0.72,0.74,0.21
3.64,8.02,0.75,55,0.75,-0.1,0.75,0.81,0.22
3.62,8.05,0.78,55.6,0.76,-0.07,0.84,0.71,0.21
2.69,7.95,0.76,56.2,0.63,-0.06,0.83,0.72,0.23
3.16,7.83,0.72,56.8,0.64,-0.01,0.79,0.7,0.35
