Car,BuildingArea,YearBuilt
0,79,1900
0,150,1900
2,142,2014
0,210,1910
2,107,1890
2,75,1900
2,190,2005
1,94,2009
2,97,1890
1,110,1880
1,105,1890
1,73,1985
2,135,1900
1,60,1970
1,135,2013
0,85,1900
1,174,2012
2,128,1920
1,124,1950
1,50,2013
0,91,1900
1,128,1998
0,82,1900
1,81,1930
1,225,2016
1,145,1965
1,145,1965
1,84,1950
2,134,2009
1,116,1980
1,86,2011
2,186,1980
1,90,2015
1,73,2013
1,94,2012
6,133,1975
1,105,1950
1,130,1993
2,133,2009
2,113,1960
1,100,1975
5,174,1950
4,309,1980
2,192,1980
2,126,1995
1,101,2010
1,102,1960
1,113,1975
3,146,1975
0,82,1900
0,198,1890
0,133,1890
0,81,1900
1,180,1880
1,159,1996
1,107,1900
1,122,1900
1,181,1880
2,85,2000
0,98,1890
0,83,1890
1,147,1900
0,146,1890
1,254,1910
1,123,1900
1,131,1890
0,34,1970
1,207,1910
1,145,1880
0,68,1890
2,134,1890
0,54,1900
4,263,1930
1,203,1925
4,165,1910
1,60,1960
3,140,2004
2,112,1970
2,271,2008
1,131,2010
1,60,1960
1,61,1965
2,272,1930
3,210,1920
1,242,2015
3,268,2005
2,125,2013
2,120,1930
6,220,1962
2,94,1955
1,123,1955
1,93,1988
4,22,1953
1,76,1990
2,57,1980
1,65,1965
2,130,1950
1,141,2014
1,77,1990
2,87,1950
1,76,2013
2,136,1965
1,113,2007
1,100,1950
1,3,2014
1,91,1996
6,251,1965
2,117,1970
1,77,2009
2,167,1967
1,130,2012
1,118,1970
3,116,1960
4,169,1965
2,109,2012
2,97,1960
4,170,2008
2,100,2010
1,157,1960
1,160,1950
3,130,1960
4,158,1960
1,70,1970
1,76,1964
2,100,1998
2,105,2000
2,150,1889
1,116,1888
2,165,1995
1,116,1910
1,14,1970
1,107,1900
1,38,1975
1,73,1970
0,96,1910
2,222,1900
2,121,1910
2,163,1900
4,516,1935
1,53,1970
2,106,1900
1,74,1969
1,98,1970
2,108,1900
1,80,1970
1,88,1970
2,80,1920
1,76,1970
2,251,1900
3,333,2000
2,3,2000
2,285,1998
1,91,1940
1,53,2013
2,108,1920
1,62,1980
2,174,1910
1,62,1970
1,270,1900
2,128,1900
1,77,1890
2,435,1887
1,92,1920
1,109,1900
1,168,1900
2,125,1904
1,79,1890
1,102,1900
2,90,1995
2,148,1960
1,87,1900
1,185,1890
1,131,1900
2,120,1955
2,147,1950
1,58,1972
2,139,1920
2,232,1978
1,117,1910
5,195,1920
1,62,1978
2,204,1890
1,286,1900
1,104,1995
1,127,1950
1,110,1920
2,149,1930
2,180,1939
1,132,2015
1,62,1975
2,110,1920
2,160,2013
1,65,1970
0,158,1900
1,157,1900
1,104,1910
1,147,1920
1,69,2012
1,155,1920
2,168,1900
2,172,2011
1,177,2010
1,120,1940
3,108,1910
1,77,1900
2,144,2003
1,166,1900
1,175,1960
2,71,1900
4,273,2012
2,399,2015
2,220,1930
4,315,2014
2,149,1935
2,178,2004
2,112,1950
4,618,2009
2,145,1920
2,101,1950
3,152,1940
2,180,1938
2,228,2006
3,145,1945
2,444,2015
2,110,1990
2,390,2010
2,139,1945
4,206,1950
3,168,1940
1,111,1950
1,104,1940
2,199,2007
4,266,1950
3,274,2000
2,240,1935
2,278,1940
1,164,1947
2,201,2016
2,114,1950
2,203,2000
2,110,1970
4,94,1950
1,792,1950
2,152,1970
1,90,2003
3,215,1950
1,255,1930
2,317,2000
1,80,1970
2,192,1950
2,88,2007
1,86,1950
1,120,1960
1,85,1958
2,134,2012
2,198,1970
2,130,2012
1,118,1970
1,103,1980
1,181,2017
2,225,2008
2,120,1970
1,143,1970
3,281,1970
1,106,1960
2,395,1992
1,118,1965
1,101,1995
2,140,1960
3,117,1960
2,150,1961
1,85,1995
2,103,1970
1,153,1950
1,180,1900
2,61,1965
2,120,2000
1,65,1960
0,58,1970
1,61,1960
1,100,1920
1,49,1960
1,59,1970
0,84,1930
2,159,1890
1,51,1970
1,123,1920
2,218,1985
1,129,2000
2,112,1998
2,420,2009
2,226,1985
1,97,1977
7,449,1935
2,356,2006
2,349,2001
1,166,1930
1,110,1970
1,72,1960
2,252,1985
2,200,1948
1,70,2014
1,73,1960
2,150,1995
2,308,2016
1,100,1960
2,164,2003
2,240,2009
4,241,1927
1,104,1960
2,336,1997
1,79,1950
2,98,1985
2,170,1995
1,88,1990
2,253,1981
1,92,1980
2,350,1910
1,207,1940
1,150,1960
2,291,1930
1,155,1940
1,166,1930
3,193,1943
2,420,2009
2,260,1960
1,80,1960
2,190,2011
1,115,1935
2,167,2000
1,154,1950
3,275,1960
2,185,1955
2,477,2015
2,215,1955
2,137,1950
2,214,1950
1,160,2011
2,185,1960
2,124,1950
2,150,1955
3,225,1958
2,520,2013
1,144,2003
2,330,1965
2,365,2013
2,254,1990
2,275,1970
2,154,1967
2,275,1993
2,355,2006
1,247,1970
4,165,1960
2,247,1992
2,355,1955
3,168,1960
1,188,2012
3,529,2008
2,232,1970
2,170,1955
2,244,1950
4,116,1950
1,90,1930
2,196,1960
1,420,2003
2,720,1950
2,170,1950
2,201,1974
1,200,2014
4,518,2013
2,250,1950
3,175,1940
1,85,1975
2,177,2009
4,165,1960
1,112,1995
2,153,1950
2,200,1961
2,198,1960
5,175,1960
2,151,1960
2,355,1955
3,199,1980
1,144,2003
2,193,1950
1,147,1955
1,102,1968
2,121,1950
2,143,1960
1,250,1970
2,181,2000
1,127,1945
1,69,1965
2,212,2012
2,164,1940
2,250,1928
1,222,1940
2,194,1940
2,116,1948
2,112,1940
1,135,1910
2,205,2010
4,138,1960
1,103,1940
1,92,1960
4,233,1950
2,353,2008
3,475,2005
3,197,1930
1,100,1990
1,108,1950
2,245,1970
3,255,2008
2,143,1950
1,170,1965
1,88,2012
2,149,2007
2,160,2012
2,125,1950
4,284,1950
3,109,1960
2,168,1970
2,96,1970
2,361,2012
2,250,1926
1,90,2007
1,107,1998
3,220,2010
2,275,1988
2,150,1930
5,150,1940
2,178,1950
2,361,2012
1,125,2008
2,95,2002
2,190,1960
2,120,1999
1,79,1980
2,178,1950
2,110,1950
2,141,2012
2,222,2014
2,180,2006
3,110,1970
2,191,1960
2,140,1950
4,146,1950
1,78,1970
2,177,1970
1,150,1960
2,118,1960
2,163,1955
1,138,1940
1,75,1960
2,177,1970
2,207,2012
1,166,1960
2,145,1998
1,117,1995
2,140,2009
1,135,1960
2,120,1950
1,102,1960
1,117,2000
1,190,2004
4,131,1950
1,79,2005
2,133,1960
1,119,2000
2,160,1950
2,196,1950
2,205,2006
2,315,1930
1,120,1970
2,126,1950
2,231,2010
2,176,1960
2,165,1950
1,122,1950
3,140,1940
2,156,2000
2,143,2003
1,190,2010
1,80,2000
2,257,1950
1,105,1980
2,256,2015
1,96,1950
1,123,2007
2,160,2012
2,163,1970
2,122,1950
2,160,1960
2,147,1949
2,83,2011
1,151,1960
2,337,2006
1,28,2010
2,150,2011
3,168,1950
3,146,1970
2,200,2008
2,265,2012
1,132,2005
1,99,1970
2,158,1980
1,120,1960
2,196,1970
1,186,1950
1,131,2005
1,114,1995
1,115,1950
2,296,2007
2,100,1996
2,144,1960
1,122,2012
3,198,1997
2,167,1950
1,94,1950
1,133,1950
2,219,2013
2,118,2005
2,255,1940
1,81,1965
3,167,1905
2,170,1950
2,110,1950
0,151,1910
2,108,1950
1,65,2010
2,158,2008
1,134,1950
1,3,2000
1,159,1940
2,106,1930
1,195,1890
2,235,1927
1,108,1980
4,162,1926
2,120,1945
1,106,1890
1,82,1970
1,95,1920
2,231,1924
1,119,1930
1,130,2000
1,75,1950
1,106,2011
1,124,2006
4,77,1950
1,154,1990
1,145,2010
2,240,2002
3,98,1955
2,216,2008
2,135,1970
1,154,1990
0,90,1960
1,144,2013
1,105,1960
1,104,1980
1,160,2000
1,138,2005
1,78,1970
2,156,1920
2,284,1960
2,70,1970
2,247,1900
2,122,1930
2,137,1975
1,260,1905
2,132,1940
2,225,1997
2,209,1970
1,74,1960
3,135,1920
2,171,1993
1,341,2005
2,92,1970
1,197,1910
2,340,2000
1,74,2013
2,163,2000
2,111,1980
2,202,1925
2,262,2012
2,364,2000
2,85,1935
1,143,1910
0,111,1920
1,118,1953
2,170,1991
2,116,1950
2,423,1938
2,337,1990
1,40,1965
1,80,1920
2,219,1920
2,302,2000
2,120,1935
1,75,1950
4,229,1910
4,305,1890
2,274,1920
2,333,1925
2,311,1990
1,75,2005
2,165,1910
2,2,2009
2,319,1995
2,196,2000
2,246,1975
1,74,1980
2,281,2012
1,161,1942
2,142,1970
1,110,1993
2,304,1930
1,195,1990
2,240,1960
2,268,1940
1,117,1930
2,213,2008
2,183,1950
1,126,1940
2,594,1973
1,274,1935
4,235,1930
2,228,2000
3,182,1950
2,245,1945
2,119,1935
5,270,1920
1,90,1960
2,143,1925
2,244,2012
2,274,1972
2,131,1948
4,275,1950
3,272,1969
2,34,1990
1,203,1960
2,121,1926
2,233,1960
0,238,1970
2,212,1948
1,177,1920
4,233,1940
2,346,2016
2,93,1980
2,151,1930
2,145,1950
3,309,1970
2,228,1915
2,222,2000
2,286,2000
2,225,1970
1,60,2012
2,250,2018
1,57,1950
1,66,1960
2,4,2000
1,101,1970
4,337,1960
2,117,1930
2,288,1950
2,193,1980
2,150,1930
2,130,1930
1,131,1990
0,108,1905
1,93,1910
1,209,1890
3,287,1940
1,66,2000
1,40,1970
1,100,2016
1,61,1970
0,96,1910
1,90,1890
1,78,2009
1,61,1975
1,85,1970
1,75,2011
0,139,1900
1,91,1910
1,97,1930
1,140,2016
1,88,2013
1,108,1910
1,152,2000
0,126,1890
2,110,2007
1,65,1970
0,121,1935
1,93,1900
1,100,2002
1,162,2005
1,112,1900
0,87,1910
1,51,1970
3,180,1900
1,151,1940
1,156,1920
1,130,1900
1,100,1910
2,105,1890
1,85,2000
1,126,1910
3,152,1920
0,108,1930
1,80,2010
6,98,1960
2,141,1920
1,57,1970
0,86,1920
1,114,1930
1,195,1945
1,57,1973
2,266,1890
1,88,1910
1,66,1960
2,89,1940
1,162,1890
1,112,1900
1,104,1890
1,68,1910
1,117,1915
1,105,2000
1,74,2004
1,66,1950
0,150,1920
1,87,2007
2,126,2011
1,45,1970
0,104,1890
1,129,1920
1,118,2000
2,207,1958
1,1041,1925
1,111,2012
0,127,1920
3,119,1943
1,132,1910
1,214,1916
1,126,1900
1,122,2010
2,89,2002
1,54,1965
1,120,1880
1,82,1890
1,130,1890
1,199,1910
2,103,1910
1,157,1930
1,69,1960
1,119,1920
1,60,1970
1,42,2000
0,93,1930
2,321,1997
1,85,1970
0,37,1960
2,95,1950
0,119,1935
1,64,1960
1,70,2013
2,155,2010
2,135,1900
2,101,1930
1,287,1982
1,62,1970
1,168,1935
1,82,1970
1,87,1910
1,75,1970
1,62,1970
1,59,1960
1,43,1970
1,42,1970
3,193,1920
1,66,1960
2,141,1950
1,45,1970
1,165,1930
2,116,1930
1,65,1970
2,109,2004
1,148,1935
1,45,1970
2,184,1920
1,98,1900
1,65,1970
1,65,1950
2,123,1999
2,169,1910
1,84,1977
1,62,1960
1,115,1930
2,150,1925
2,140,2000
2,180,1960
2,214,1957
2,197,1980
2,190,1960
2,226,2013
1,180,1950
2,159,1970
2,304,1975
2,165,1965
1,225,1960
2,100,1985
1,96,1960
2,245,1996
1,719,1965
3,212,1970
2,300,1985
2,175,1975
2,212,1975
1,140,1965
2,253,1940
2,111,1960
2,130,2000
1,145,1970
1,136,1950
1,111,1950
2,229,1996
2,103,1960
1,174,1950
1,115,2002
1,120,1975
2,210,2013
2,210,2005
1,92,1965
2,82,1950
1,112,1950
2,126,1998
2,380,2014
2,92,1995
2,120,1950
2,212,2005
2,176,2013
2,220,2005
3,182,1970
1,150,1950
1,106,2001
1,189,1890
1,87,1970
1,348,1940
2,189,1998
1,68,1960
2,164,1960
1,86,1970
1,154,1950
1,56,2011
2,232,1897
2,131,1930
1,77,1960
2,105,1925
1,115,1938
1,160,1930
1,77,1965
1,77,1960
1,89,1960
4,3112,1920
1,133,1930
2,225,2009
1,95,1930
0,213,1920
1,88,1970
2,317,1994
1,76,1960
2,163,1960
1,102,1930
2,130,1920
4,146,1960
2,164,1940
2,160,1990
2,220,2016
1,81,1960
4,145,1920
1,75,1970
1,270,1890
2,407,2009
2,282,1980
2,210,1960
1,257,1912
4,271,1980
1,453,2010
2,363,2005
2,215,1935
1,130,1920
1,83,1960
1,229,1910
2,297,1910
2,148,1890
1,235,1890
1,104,1945
1,140,1998
4,222,2005
3,173,1927
1,92,1965
4,282,1910
2,207,1997
1,197,1910
4,427,2013
4,411,2008
2,216,1995
2,276,2012
0,130,1890
2,164,1910
0,163,1920
1,104,2009
0,142,2015
0,172,1900
2,168,1890
0,148,1970
2,162,1900
1,56,1970
1,86,1940
1,76,1975
2,96,1989
1,104,2009
1,61,1970
2,166,1960
1,69,1970
1,48,1970
1,113,1990
2,100,1973
2,204,1925
1,107,1990
2,67,2009
1,50,1960
1,70,1970
2,115,1930
1,33,1970
2,40,1923
1,130,1990
2,170,1925
2,237,1983
1,34,1960
1,170,2009
1,56,1970
2,133,1930
1,96,2000
1,86,1993
1,201,1970
2,223,2005
1,102,2002
2,200,1938
1,106,1994
1,90,1968
1,71,2011
1,73,1970
1,250,2005
1,82,1970
1,110,1930
1,64,1970
1,80,1975
2,182,2010
1,53,1980
2,166,1945
1,167,1915
1,120,1925
1,72,1970
2,221,1915
1,116,1998
1,68,1950
3,270,1970
1,67,1970
1,72,1970
2,135,1978
1,70,1973
2,275,2000
1,98,1965
1,60,1980
1,75,2008
1,130,1925
1,48,1960
1,100,1960
1,78,1960
2,155,1920
2,313,1955
1,68,2012
3,237,2014
1,56,2012
1,43,1970
0,139,1910
1,63,2014
1,82,1960
1,67,2011
1,215,1915
2,144,1935
2,121,1960
1,44,1960
1,114,1930
2,165,1995
2,99,1940
1,120,1925
2,256,2008
1,80,1970
1,85,1930
2,272,2016
1,117,1940
2,135,1920
1,85,1890
1,123,1926
2,215,1970
2,205,1910
2,158,2014
1,94,2006
2,143,2010
2,160,2016
1,97,1950
2,101,2000
2,182,2012
2,88,1970
1,164,1950
2,277,2001
2,105,1960
1,111,2012
1,137,2014
1,85,1880
0,98,1900
1,116,2000
1,85,1890
1,84,1910
1,97,1910
2,250,1903
2,96,1900
0,99,1890
1,50,1970
1,135,1890
0,107,1890
2,136,2005
1,119,2010
0,169,1995
0,118,1880
1,93,1930
1,110,1890
0,108,1950
1,176,2010
2,123,2005
2,140,1940
1,180,1890
3,110,1920
1,164,1910
1,109,1915
1,101,1890
1,93,1900
1,125,1920
1,74,1970
1,62,1980
1,164,2014
1,130,1930
0,124,1930
1,118,1910
2,300,2001
1,178,1940
1,125,1925
1,80,1965
1,107,2012
2,109,1995
2,127,1920
1,110,1994
1,94,1910
1,117,1970
4,256,2006
1,125,1925
1,96,1880
3,156,1930
2,109,2013
1,146,1920
1,95,2014
1,189,1970
0,230,1930
3,98,1920
1,73,1975
1,100,2007
1,180,2006
1,100,1980
2,72,1920
2,131,1920
0,131,1900
1,249,1900
3,89,1940
1,142,1930
1,72,1970
3,149,1920
4,286,1985
3,112,1950
1,102,2000
3,80,1945
4,187,1925
1,95,1976
2,205,1930
2,70,1970
1,69,1975
1,107,1940
1,13,1969
1,140,1995
2,203,1996
1,130,1930
2,92,1925
1,131,2010
1,147,1960
2,164,1990
1,160,1920
1,62,1976
1,114,1910
1,86,1900
1,70,1970
0,98,1950
1,120,2012
1,105,2010
2,120,2010
2,115,1950
2,108,1950
1,86,2008
3,145,1950
2,116,1925
2,138,2014
3,90,1940
2,258,2016
2,107,1960
4,120,1960
2,96,1950
3,129,1950
4,97,1950
2,231,2013
3,134,1970
2,37,2014
1,95,1930
1,131,1950
2,105,1970
2,129,1960
1,70,1900
1,129,1900
1,122,1830
2,151,2000
1,97,1880
1,53,2000
1,62,2005
1,65,2005
1,190,2013
1,153,1920
0,80,1890
1,49,1970
1,82,1995
1,112,1920
0,104,1880
1,44,1970
0,107,1900
1,92,1900
2,86,1880
1,82,2000
1,88,2010
2,159,1920
1,60,2002
1,91,1900
3,2,1890
1,114,1920
4,123,1970
1,115,1970
2,138,1975
2,173,1970
2,119,2007
2,176,2007
2,218,1960
2,194,1995
2,135,2001
2,143,1960
2,185,1985
2,155,1965
2,320,1985
2,395,2016
2,170,1970
1,109,1986
2,170,1975
1,105,1970
2,106,2013
2,140,1960
1,140,1960
2,150,2013
1,150,1965
1,100,1960
2,160,1998
2,119,1970
2,160,1969
2,195,1970
2,305,1970
2,129,1980
2,429,2007
1,175,1965
1,68,1975
2,175,2012
2,261,1970
3,306,2002
2,275,2010
2,163,2001
2,160,2009
2,120,2001
2,169,1960
2,150,1965
2,132,1960
4,240,1970
2,225,1925
2,327,1940
2,180,1955
1,70,1970
2,290,1950
1,236,1930
3,322,1937
1,95,1970
1,136,1960
1,300,1988
2,478,1970
2,148,1975
2,245,1940
2,291,1960
2,110,1940
2,181,1920
0,159,1910
1,173,1905
1,150,1910
2,123,1990
1,62,2008
1,79,1970
2,112,2010
2,119,1900
2,137,2011
2,3,2002
2,184,1880
2,125,2000
2,181,1905
1,204,1908
1,1561,1966
1,100,1930
2,185,1913
2,142,2000
2,207,1900
2,108,1915
2,255,1930
1,95,1970
2,200,2000
2,192,1917
1,59,2006
2,273,1885
1,81,1915
2,270,2016
1,152,1890
1,51,1930
1,79,1970
1,83,1960
1,71,1930
1,60,2001
0,33,1930
1,126,1996
1,85,1960
2,85,1940
1,68,1960
1,50,1965
0,92,1890
2,86,1930
0,138,1920
1,54,1970
1,43,1970
0,57,1950
1,77,1970
1,119,1996
1,62,1950
0,173,1910
1,100,1960
1,122,2002
6,207,1915
0,70,1930
0,88,1940
1,84,1970
1,133,1950
1,104,1923
2,185,1920
1,70,1965
0,98,1930
1,63,1970
1,67,1930
1,75,1960
1,51,1960
1,47,1960
1,70,1935
0,80,1940
1,110,2012
1,75,1975
1,37,1970
1,83,1930
1,65,1970
1,50,1940
0,211,2005
1,42,1970
2,218,1900
1,69,1930
1,85,1940
0,47,1930
2,18,2010
2,162,1925
2,147,1950
1,113,1980
1,83,1980
3,105,1930
2,89,1990
2,98,2008
1,210,1980
1,76,1980
1,77,2008
2,106,1950
1,183,1920
1,257,1890
2,215,1910
2,267,2015
1,100,1950
3,55,1975
2,171,1900
6,378,2005
2,217,2015
2,355,1930
3,125,1955
1,193,1940
2,116,1950
2,160,2008
1,272,2007
2,93,1972
1,137,1930
1,129,1985
1,72,1960
1,224,2013
2,73,1975
2,142,1999
2,227,1900
1,73,2010
2,454,1988
1,49,1960
1,145,1920
1,108,1950
2,120,1920
1,114,1950
1,52,1970
2,143,1960
2,250,2010
2,107,1990
1,68,1975
1,120,2016
1,145,1997
1,66,1970
2,180,2013
1,218,1930
2,227,1900
1,66,1970
1,138,1920
1,106,1940
1,65,1970
1,104,1988
1,80,1995
3,273,1920
1,165,1938
0,145,1900
1,68,1970
1,88,1994
1,125,1970
1,135,1970
1,83,1975
1,77,1970
2,284,1930
3,190,1930
1,132,1960
2,700,1915
2,266,1996
1,168,1910
2,127,1950
1,59,1960
1,56,1975
1,59,1960
2,196,1930
1,65,1960
1,134,2002
2,104,2009
0,144,1910
2,110,2000
2,92,1950
1,145,1890
1,70,1970
1,77,2013
1,107,1990
1,68,1970
1,56,1970
2,226,2007
1,68,1970
4,109,1930
2,280,2015
1,2,2008
2,140,1950
1,68,2014
1,126,1910
2,75,1970
1,77,2002
1,122,1910
2,137,2004
2,71,1965
0,66,1980
0,105,1890
2,105,2000
2,291,1854
1,105,1890
0,152,1890
1,52,2011
1,165,1880
1,115,2000
0,101,1890
1,110,1900
1,42,1975
1,74,1900
1,138,1995
1,90,2002
1,70,2007
2,275,1890
1,85,2010
0,70,1880
0,64,1910
1,175,1950
1,40,1975
1,151,1905
1,77,1890
1,145,2000
1,128,1900
0,116,1915
1,129,2000
2,216,1890
1,175,1890
1,165,1900
1,118,1885
1,110,1890
0,92,1890
2,95,2002
2,92,2010
2,209,2008
1,133,2016
2,105,1940
0,72,1890
1,110,1890
0,135,1890
0,307,1898
0,132,1910
1,48,1980
1,75,1980
1,103,1905
1,60,1970
1,63,1970
1,59,1970
0,140,1900
1,131,1885
0,78,1900
1,98,1890
0,85,1930
1,102,1930
1,60,1970
1,79,2009
1,46,1970
0,150,1900
1,50,1880
1,84,1940
1,52,1970
1,130,1915
1,98,1900
0,93,1900
0,156,1890
1,161,2007
1,50,1970
2,106,1990
1,52,1970
2,160,2000
3,87,2000
1,35,2013
1,75,2010
1,118,1940
1,46,1970
0,98,1910
3,120,1950
1,141,2010
1,90,1985
2,87,1890
1,65,1980
3,190,1950
2,3,2008
2,92,1940
1,115,1910
1,75,2010
1,130,1910
2,129,1900
1,69,1960
1,66,2012
1,80,2014
1,103,1900
1,50,1920
1,120,1940
1,99,1920
1,78,2013
1,70,1965
2,228,1980
1,75,2007
2,90,1910
1,98,1900
1,94,1900
1,93,1915
2,126,2015
1,109,1920
1,83,1970
0,108,1900
1,42,1975
1,113,2000
0,99,1930
1,74,1970
1,94,1910
2,154,2006
1,55,1960
0,70,1920
2,168,2010
1,130,1915
0,98,1930
1,79,2009
1,151,1910
2,102,2011
1,160,1910
1,74,1890
2,275,2000
3,170,1935
2,265,1920
2,353,1925
2,217,1930
1,183,2002
1,85,1960
2,163,2006
1,118,1940
2,323,1985
1,134,1940
4,327,2003
2,314,1930
3,314,2000
4,254,1941
1,63,1968
1,134,1940
2,157,1920
2,188,1951
3,143,1910
2,305,1935
1,65,1970
2,351,2009
2,212,1930
4,30,1930
1,52,1980
3,136,1930
1,38,1982
2,230,1925
2,142,1920
1,44,1970
1,248,1920
1,84,1960
1,266,1946
2,176,1990
2,115,1930
1,33,1960
1,123,1950
4,206,2013
4,217,1910
2,26,1999
3,326,2000
2,184,1950
2,336,1930
2,520,2009
2,326,1930
2,155,1960
2,142,1930
3,140,1930
3,205,1930
2,74,1940
3,107,1935
2,246,2007
2,153,1930
2,143,1941
1,80,1960
2,607,1940
2,354,2015
2,216,1930
2,295,1966
2,270,1925
2,193,1975
2,107,1910
2,672,1930
2,118,1960
3,144,1960
2,127,1965
1,138,2017
4,105,1950
3,136,1950
1,100,2010
1,114,2010
4,97,1950
2,3,1950
1,130,2014
4,140,1960
4,124,1956
1,115,1950
3,81,1950
4,176,1950
1,61,1970
1,106,1970
2,120,1960
1,74,1970
1,130,2000
1,125,1960
2,96,1960
2,81,2000
1,85,1950
4,102,1960
1,150,2014
2,131,2014
2,180,1970
2,99,2014
2,142,1960
2,91,2012
1,104,1960
2,130,1960
4,139,1968
2,129,2010
2,159,1968
2,192,2014
2,150,1960
2,146,1975
4,100,1960
1,89,2012
1,88,1955
8,304,1935
2,180,1950
3,135,1950
1,77,2013
2,143,2001
1,121,2010
2,116,1950
1,155,2000
4,194,1970
1,258,2005
2,138,2001
1,19,2005
1,139,2004
2,138,2000
2,264,2005
2,213,2007
1,134,2004
1,141,2008
1,136,2005
2,251,2000
2,213,2007
2,116,1960
2,103,1970
1,98,1950
1,112,1970
5,268,2010
2,129,1950
2,96,2010
2,168,1950
1,161,1970
2,134,1970
2,116,1960
2,251,2011
1,115,1960
2,106,1970
3,113,2000
2,176,1960
1,103,1950
3,102,1960
2,115,2012
3,95,1965
3,142,1960
1,2,1970
1,92,1960
1,110,2012
2,79,1990
1,87,1975
1,74,1975
2,320,2015
2,300,1904
3,187,1925
2,242,2011
2,109,1998
1,85,1965
3,125,1955
1,86,1985
1,104,2005
1,90,1955
3,113,1984
3,325,1920
2,220,2014
4,248,1925
2,224,1950
2,162,1900
4,413,2008
2,120,1970
1,115,1960
2,137,1970
2,204,1901
1,118,1970
2,324,1950
2,364,1950
0,613,1950
2,323,2011
4,305,2000
1,140,1987
2,303,1997
1,70,2007
1,61,1970
2,228,1950
2,209,1950
1,184,1935
1,231,1940
2,260,1925
2,188,1925
1,75,1960
2,140,1950
3,106,1970
1,107,1994
1,3,2005
1,68,2007
2,150,1950
2,154,2002
2,210,2005
1,235,1905
1,53,1950
1,122,1969
1,82,2014
1,63,1995
1,64,1930
1,176,1940
2,88,1960
1,52,1970
0,108,1890
1,60,2014
0,56,1966
1,76,2003
1,155,1938
0,90,1900
1,52,1970
2,145,1999
1,109,1910
1,78,1960
1,57,2004
1,150,1910
1,51,1960
1,130,1900
1,50,1940
2,220,1890
1,41,1950
3,180,2002
3,340,1890
1,72,1965
1,70,2013
1,173,1890
3,435,1930
1,75,1970
0,148,1910
2,88,2014
2,178,2011
1,93,1940
1,196,2010
1,73,1965
2,373,1913
1,52,1970
3,92,1900
1,70,1970
1,76,2005
4,158,1940
1,125,1900
3,70,1965
1,103,1890
1,71,1960
0,171,1890
1,82,2001
1,151,1975
2,275,1890
1,56,1960
1,85,1970
2,344,1920
1,126,1890
1,44,2014
2,89,2000
2,120,1930
1,107,2007
2,192,1950
0,130,1950
2,118,2005
2,125,2012
1,84,1950
2,134,1960
2,161,1960
1,78,1950
3,85,1950
2,172,1972
2,90,1955
1,87,2008
4,115,1960
2,118,1960
2,208,1975
2,200,2012
1,101,1950
1,83,1970
1,90,1960
2,80,1955
3,97,1950
2,79,1955
1,191,1950
1,99,1960
2,86,1965
1,87,1960
1,90,2013
1,86,1955
1,111,1960
3,88,1950
2,88,1950
1,85,1970
1,81,1955
1,152,1955
1,13,1980
2,196,1990
2,18,1965
1,106,1960
2,99,1950
3,77,1960
1,85,1960
1,97,1950
1,76,1970
1,128,1920
2,126,1949
1,118,2002
1,97,1930
1,90,1970
2,315,1925
1,185,1925
2,180,1940
1,70,2010
2,100,1930
2,60,1960
1,88,1975
2,122,1940
1,184,1950
1,154,1975
4,83,1950
2,208,1925
2,378,2016
2,201,1920
2,140,2005
1,91,1965
0,110,1950
2,170,1945
1,78,1955
2,126,1960
2,130,1980
1,59,1960
1,110,1975
2,165,1920
1,78,1960
2,140,1950
1,217,1950
2,158,1930
2,292,2007
2,232,2000
1,411,1920
1,70,1960
1,115,1950
2,169,1950
1,135,2010
2,136,1980
3,233,1935
1,130,1930
2,181,1940
1,58,1992
2,315,1980
1,110,1990
3,407,2007
1,120,2012
2,96,2000
4,114,1975
4,186,1980
2,163,1980
2,305,2000
2,100,1985
2,155,1980
2,200,1995
1,104,1970
1,201,2010
1,125,2011
2,116,1999
1,188,1978
1,126,1965
3,132,1980
2,113,2013
1,140,1960
2,148,1970
1,133,2003
2,123,1980
2,138,2013
1,257,1950
2,182,1992
2,212,1980
2,250,2011
1,127,1970
2,102,2000
2,268,1980
3,184,1990
1,156,1995
2,154,1998
2,141,1965
2,154,1970
2,85,1990
2,174,1970
2,120,1970
2,198,1995
1,125,1970
1,126,2017
2,184,2000
2,130,1970
1,147,1960
2,105,1980
2,201,1970
1,133,2013
2,233,1980
4,123,1970
1,138,2000
1,106,1910
1,121,1910
1,81,2008
1,55,1970
1,80,2002
1,113,1900
0,104,1900
1,112,2002
1,126,1999
1,72,1900
1,99,1900
1,95,1992
0,135,1910
2,270,1890
0,120,1900
1,47,2012
1,71,2010
2,76,1965
1,81,2010
1,50,2012
2,127,2008
2,92,1998
1,88,1915
0,79,1887
2,270,1890
0,67,1997
1,130,2002
2,147,1900
2,132,1997
1,101,1890
2,136,2003
1,97,2009
1,109,1915
1,84,2010
1,80,2002
1,90,1900
1,103,2000
1,90,1970
1,94,2012
1,86,2000
1,59,2006
1,72,1968
2,141,1950
4,374,1935
2,80,1890
2,251,2000
2,220,1930
1,426,2015
2,199,2016
2,127,1885
2,175,1920
0,183,1900
2,97,1970
4,400,1930
3,365,1890
1,90,1970
2,190,1910
1,51,1970
1,77,1966
2,237,1975
2,80,1940
1,80,1975
2,358,1983
1,180,1955
1,87,1965
1,89,1940
2,187,1940
2,203,1997
2,215,1928
2,225,1890
1,242,1930
1,1022,1890
2,342,2016
2,184,1995
2,204,1998
3,282,1960
2,86,1992
2,293,1910
4,248,1890
2,237,1890
1,72,1968
2,121,1980
1,86,1992
1,110,1980
1,90,1910
2,130,1941
2,230,2010
1,115,1935
1,130,1900
4,346,1990
2,281,1959
2,147,1979
1,112,1970
2,700,1992
3,241,1900
2,153,1999
1,139,1910
1,55,2005
2,307,1890
3,253,1940
1,83,1960
2,152,1940
1,127,1933
3,311,1960
2,200,1930
4,160,1930
2,360,1950
2,310,1968
2,200,1930
2,167,2012
2,161,2007
1,128,1970
2,185,2012
1,63,1960
0,69,1920
1,124,2012
2,91,1960
1,79,2005
1,121,1955
1,81,1900
1,70,2009
2,125,1950
2,95,1900
2,107,1910
2,146,2007
1,69,2011
2,121,2012
1,66,2012
2,358,2009
2,91,2014
2,80,1960
1,80,1950
3,121,1940
1,112,2012
2,137,1970
1,180,1890
2,309,2016
2,195,1890
2,105,1910
1,68,2008
2,392,2016
1,181,1995
3,128,1910
1,80,1970
1,132,1910
1,54,1970
4,339,1920
4,235,1985
3,320,1890
0,100,1900
2,159,1925
1,185,1890
2,248,1915
1,91,1967
2,233,2006
1,106,1910
1,95,2001
1,74,1971
1,137,1910
1,146,1993
3,223,1915
1,102,1910
1,254,1930
2,327,1915
2,215,1920
2,109,1970
2,180,1950
1,196,1920
1,135,1994
2,138,2000
4,267,1919
1,117,1975
2,150,1950
2,254,1930
2,110,1930
2,119,1960
2,243,1910
2,126,1920
2,130,1988
2,180,1990
2,151,1990
2,165,1886
1,83,1975
1,118,1930
1,152,1930
1,260,1920
1,104,2013
1,74,1970
2,201,1998
1,42,2013
2,126,1960
1,38,1965
2,337,2012
1,114,1970
1,46,1940
1,147,1948
2,134,2013
1,62,1960
2,133,1965
1,57,1997
1,155,1920
2,90,2010
2,114,1925
1,132,1999
2,126,1950
1,120,2015
2,154,1970
2,115,2004
1,88,2004
2,138,2000
2,103,1940
1,53,1985
4,142,1950
2,132,2000
2,121,2006
2,71,2000
2,110,1920
2,211,1900
2,286,2002
2,200,2002
2,87,2007
2,175,1955
1,142,2010
2,3,2010
2,128,2009
8,374,2013
1,88,1980
2,95,2005
1,80,2012
1,84,1980
1,79,2011
2,184,2000
2,85,2000
2,245,1999
2,85,2000
4,142,1950
2,166,1960
2,207,2005
1,68,1970
2,231,2000
5,232,1950
2,124,1950
1,204,2012
2,160,2006
1,141,1940
1,196,1925
2,215,2009
2,234,2005
4,176,2006
1,85,1997
1,84,2001
1,55,2014
0,66,1974
1,80,2004
0,64,1976
1,59,2006
1,67,2002
0,57,1960
1,51,2005
1,122,1998
0,47,2014
2,102,1965
2,55,1917
1,68,2004
1,64,1920
1,68,2005
1,65,1920
1,94,1965
1,89,1997
1,69,2009
1,133,1900
2,132,1900
1,58,1930
1,67,1970
1,100,1900
0,73,1910
0,82,1910
2,212,2010
1,165,1880
0,113,1915
3,125,1900
1,115,1950
2,80,2003
2,225,1920
2,25,1979
2,199,1930
2,148,2001
2,170,1938
0,207,1950
2,116,2005
6,327,1903
2,152,2000
2,117,1950
1,92,2005
2,120,2000
2,189,2009
1,63,2007
2,201,1920
1,196,1880
1,120,1920
2,178,1920
2,107,1900
3,258,2014
1,102,1930
1,138,1915
1,152,1906
2,111,1997
1,82,1950
2,308,1900
1,115,2001
1,85,1990
3,146,1910
0,199,1900
1,133,1910
2,145,1920
0,97,1890
1,54,1965
1,80,1920
3,190,1900
2,168,2007
1,111,2006
1,39,2014
1,192,1930
1,125,1910
0,136,1910
2,261,1925
3,372,2009
2,160,1890
1,329,1920
2,142,1910
1,59,1970
2,168,2004
1,156,1995
2,193,1910
1,41,1970
1,95,1930
1,159,1900
1,287,1930
1,54,1970
1,145,2000
1,222,2002
2,152,2000
3,203,1950
1,81,1965
2,164,1910
1,143,1915
1,45,1970
2,155,1930
1,65,2014
2,145,2013
1,132,1910
1,50,1980
2,120,1970
3,143,1960
2,150,1970
1,51,1990
2,160,1960
4,165,1970
2,180,1950
3,75,1950
1,242,2015
1,123,2010
4,159,1960
1,214,1955
1,112,1960
1,104,1960
1,218,1950
2,188,2000
3,133,1955
2,171,1973
2,121,1940
1,140,1955
1,79,1960
2,68,1980
1,115,1960
1,137,1950
2,107,1990
2,152,2001
1,114,1960
1,160,1960
2,97,1950
1,101,2002
2,161,1950
2,199,2011
1,43,1970
2,187,2015
2,100,1957
2,176,2010
2,179,2011
1,73,1940
2,108,1955
1,172,1930
1,102,2009
2,165,2011
1,144,1920
1,111,1950
1,50,2005
3,159,1960
3,195,2006
2,118,1960
1,94,1920
1,138,1970
0,112,1900
1,65,2011
1,84,1970
1,233,2015
0,118,1900
2,136,1930
2,125,1890
1,127,2006
1,151,1915
2,162,2007
1,63,2006
2,145,1950
1,153,1930
2,198,2004
1,163,1880
2,111,1960
2,185,1950
1,106,1920
2,132,2015
2,158,1900
1,62,1890
0,130,1920
2,104,1930
1,101,2000
1,140,1995
2,170,2005
0,95,1900
0,90,1900
3,188,2009
5,120,1920
2,204,2006
1,104,1930
1,190,2017
0,45,1900
2,109,1930
4,190,1920
2,168,2013
2,236,2013
2,150,1960
1,204,2009
1,89,1975
1,113,2006
1,145,2011
2,242,1985
1,180,2012
1,139,1950
1,104,1950
1,140,1950
2,180,1990
2,290,2005
2,162,1976
1,125,1950
3,225,1950
1,119,1950
4,276,1880
1,65,1970
1,64,1970
0,129,1980
1,119,2010
1,0,2000
1,74,1960
1,55,2011
2,54,1975
1,57,2006
1,84,2006
1,98,1998
1,139,2011
1,52,2003
1,71,1970
0,150,1890
1,120,2008
2,84,2000
1,60,2012
0,93,1930
0,100,1900
0,106,1960
2,69,2004
1,75,2002
1,68,1975
1,96,2012
2,65,1971
1,43,1970
1,45,1975
1,170,1920
1,85,2005
1,73,1880
1,1,1970
1,108,1890
1,125,1920
2,188,2007
1,179,1910
1,160,1890
2,257,1992
1,69,2011
2,100,2013
1,218,1900
3,126,1945
1,73,1920
3,101,1924
1,156,1910
2,115,1935
2,55,1970
1,78,2000
2,65,2000
0,41,1970
1,125,1920
2,108,2006
1,186,1890
1,39,1960
1,92,1910
3,331,1920
0,99,1910
0,106,1910
1,124,2000
1,174,1910
1,102,1985
1,97,1920
1,106,1995
2,138,2012
1,135,1920
2,119,2000
1,109,2000
1,76,1975
2,143,1960
3,93,1920
1,143,1900
1,40,1970
0,131,1910
2,102,1890
1,65,2009
2,180,1920
2,86,1910
2,135,1910
1,100,1900
1,115,1975
1,131,1930
2,100,1925
1,265,1930
1,90,1920
1,43,2014
1,137,1890
1,140,1910
2,230,1939
1,130,1910
1,10,1970
1,108,1910
3,231,1920
2,109,1920
1,81,1995
1,168,1970
3,165,1900
2,160,1955
1,85,1995
0,111,1960
2,179,1965
1,91,2012
1,137,1960
2,138,2012
4,223,1950
1,113,2010
2,113,2009
2,165,1940
2,173,1960
1,86,2013
2,196,1960
1,76,2009
3,93,1960
2,183,1974
2,260,1995
1,105,1999
2,189,2010
2,120,1960
2,239,1987
2,120,1960
1,164,1970
2,129,1970
6,181,1970
1,112,1950
2,122,1940
1,107,1950
2,118,1962
2,172,1970
2,226,1993
2,242,1980
1,89,1965
2,249,2009
1,102,1890
1,172,1875
0,102,1890
0,186,1890
1,50,1995
1,196,1890
2,132,1980
2,141,1950
4,120,1960
1,159,1960
1,115,1950
1,124,2008
2,135,1950
2,281,1997
2,111,1960
1,98,2009
1,94,1988
1,157,1990
1,106,1974
1,67,1987
1,87,1990
1,121,2005
2,300,2006
1,98,2004
1,94,1960
1,103,1960
2,166,1950
1,139,1950
2,132,1950
1,175,2009
1,147,1950
1,109,2012
1,74,1975
2,84,2001
2,168,1940
2,95,1940
2,142,2000
3,124,1955
3,151,1970
1,154,1920
1,107,1940
1,91,2013
2,146,1999
2,194,1983
1,106,2006
2,287,1995
1,94,1950
2,100,2012
1,109,1995
2,111,2007
1,88,2014
4,111,1955
1,108,1970
2,111,1950
2,182,2007
1,145,1949
2,141,2001
2,106,1960
2,104,1950
1,139,1998
1,265,1950
1,84,2000
1,132,1950
1,49,1970
2,501,1960
2,141,1940
2,92,2013
1,100,1950
1,134,1990
0,167,1890
2,139,2012
0,280,1863
3,181,1940
1,57,2012
1,237,1935
2,135,1997
0,108,1890
0,109,1880
2,87,2010
1,74,2005
2,137,1900
1,60,2006
1,84,2013
1,70,2012
1,110,2006
1,115,2015
1,106,2007
1,158,1900
1,83,2000
1,94,1900
2,131,1900
0,70,1910
2,104,2007
0,71,1910
2,83,1980
0,70,1910
0,76,1900
1,70,2004
1,153,1910
0,70,1900
2,173,1890
1,169,1880
0,106,1900
1,211,1999
0,90,1910
0,100,1905
1,86,2006
1,63,2007
1,70,2005
1,62,2000
1,72,1996
1,71,2006
1,102,1934
1,160,2016
1,63,2010
2,102,1995
2,241,2014
2,134,2012
1,138,1990
1,100,2000
1,64,2000
2,94,1997
0,134,1890
2,95,1910
1,34,1960
1,121,2000
1,73,1930
1,51,2012
1,45,1888
1,64,1945
2,136,1920
1,92,1996
1,114,1900
1,51,1970
1,134,2000
0,72,1900
0,160,1900
1,50,1970
1,87,1960
1,135,2005
2,107,1930
0,85,1900
1,99,2001
1,76,1888
2,108,1930
1,101,1850
1,78,2004
1,71,2000
0,71,1880
1,71,1930
3,98,1995
1,104,1945
1,125,1890
0,215,1900
2,200,1999
1,130,1995
0,122,1915
1,95,1995
1,79,1900
1,124,1910
2,153,1890
1,163,1900
1,100,1900
0,139,1900
2,141,1980
2,180,1920
0,3,1950
1,121,2009
3,96,1950
2,180,1918
1,98,1990
1,102,1940
2,97,2005
2,143,1910
2,87,1950
2,94,1950
2,151,1950
2,106,2005
2,129,1890
3,101,1950
1,88,1955
2,150,1950
1,73,1965
1,92,1960
3,114,1910
1,120,1965
1,74,1970
1,147,1965
1,85,1910
2,97,1935
1,121,1930
2,92,1950
1,189,1925
2,217,1925
1,90,2013
1,65,1980
2,85,1950
1,103,1950
2,115,2005
1,129,2013
1,97,1930
2,140,1940
1,72,1950
1,139,1940
7,280,1928
2,506,1950
1,67,2005
3,95,1950
1,69,2010
1,60,2005
2,121,1940
2,100,1950
1,100,1925
1,138,1925
1,82,1940
2,147,1940
0,118,1920
1,184,1920
1,150,1950
1,140,2005
2,117,1890
1,83,1960
1,79,1970
2,123,1920
2,160,1970
2,143,1950
1,119,1950
2,120,1950
2,127,2005
2,150,1950
1,107,1990
1,84,2012
2,138,1950
1,62,2012
1,86,1950
1,67,1970
1,85,1955
2,272,1950
1,84,2014
2,118,1930
4,467,1930
1,92,2014
5,170,1975
2,135,1965
3,114,1950
1,83,1960
1,94,2009
1,117,2011
1,80,2000
1,186,2003
1,84,1980
2,244,2006
3,153,1950
3,190,1935
1,61,2004
1,135,1920
2,153,1960
1,70,1980
1,130,2008
1,160,2016
2,83,1980
3,114,1960
1,70,2000
1,63,1970
3,110,1950
1,98,1950
1,77,1965
1,93,1970
2,558,1960
2,92,1970
1,72,2016
2,146,2003
1,103,1970
1,85,2010
2,45,2009
4,197,1965
1,73,2013
1,109,1960
1,67,1970
1,54,2012
2,84,1960
1,97,1970
1,65,2010
1,105,1960
1,121,1970
2,83,1980
1,77,1970
1,65,1960
4,146,1965
1,106,2007
1,174,2013
1,74,1980
2,92,1960
3,159,1955
1,64,1970
1,114,1960
1,94,1960
2,129,2017
2,125,1920
1,149,1965
2,97,1970
2,137,1970
1,93,1980
1,120,1960
1,81,1980
2,149,1985
1,133,1970
2,120,1920
2,152,1970
2,121,1960
1,145,2010
2,96,1950
2,108,2002
1,177,1950
1,91,2013
1,118,1940
1,55,2014
1,54,2012
2,100,2010
1,87,2007
1,45,1970
1,45,1970
1,80,1975
1,50,2014
1,97,1950
2,102,1965
1,62,1970
2,107,2003
3,262,1985
2,557,1965
2,135,1940
2,128,1950
2,128,2006
1,72,2012
1,92,1960
1,101,1960
4,134,1935
2,162,1970
2,188,1940
2,141,1950
6,133,1975
2,285,1990
2,103,1970
2,134,1960
1,65,2012
1,103,1950
0,81,1900
2,85,1997
1,75,2001
1,38,1950
1,57,2012
3,260,1890
1,62,1970
1,69,2005
1,66,2013
1,76,2003
1,105,1900
1,92,1900
2,68,2000
2,158,2007
1,131,1920
2,116,1940
1,53,2005
1,43,2012
0,94,1900
0,115,1900
1,52,2013
1,45,2012
2,128,1900
0,92,1900
0,124,1890
1,60,2004
1,56,2011
2,68,1997
1,61,1970
1,115,1970
2,95,2013
1,1,1970
1,50,2004
0,63,1900
1,126,2010
1,75,1900
0,110,1900
1,88,1900
0,81,1915
1,66,2000
0,140,1900
2,125,2004
2,170,1993
1,51,1965
1,85,2004
1,110,1920
1,76,1900
2,120,1980
1,120,2005
2,69,2000
0,119,1890
1,40,2011
1,44,2012
1,52,2012
1,115,1995
0,95,2000
0,54,1920
1,85,2008
2,120,1915
1,110,2000
1,241,1920
1,77,2008
1,60,2009
3,118,1900
1,110,1935
2,90,1900
1,145,1900
1,95,1900
0,171,1900
1,76,1900
1,141,1900
1,118,2013
1,81,1890
1,180,1910
1,70,1993
1,76,2013
1,80,1960
0,124,1890
1,104,2000
2,75,2009
1,214,1970
1,40,1965
1,102,1900
1,112,1900
1,141,1920
2,118,1890
1,111,1900
0,193,1900
2,104,2005
2,144,1850
1,89,1940
1,164,1900
2,184,2005
1,121,1960
1,128,1900
1,60,2008
1,68,2008
2,174,2000
2,106,2000
1,50,2005
0,80,1900
0,144,1900
1,92,1910
0,72,1900
1,70,2004
1,91,2013
2,108,2010
0,74,1900
2,100,1900
1,207,1960
2,181,1940
1,112,2000
2,205,1950
1,89,1990
0,134,1940
2,154,1970
2,148,1950
2,185,2008
2,182,1970
1,83,1980
1,142,2015
2,141,1960
4,230,1950
1,99,1955
1,51,1960
1,135,1960
1,96,1980
1,142,2006
2,125,1950
1,116,1890
0,98,1890
2,211,2015
2,65,1970
2,187,2012
1,140,1900
2,211,2015
1,158,1910
0,134,1910
1,127,2011
0,125,1890
2,132,2000
2,155,1946
0,104,1910
1,149,1910
2,154,2000
1,111,1930
0,111,1900
1,218,1890
0,72,1912
3,198,1920
1,62,2012
1,127,1920
1,71,1975
0,136,1900
1,150,1890
0,81,1900
1,83,2012
1,93,1890
0,153,1890
0,104,1900
0,119,1900
1,117,1880
0,232,1856
0,126,1890
1,76,2004
1,56,2013
0,113,1890
1,153,1860
0,76,1900
0,120,1910
1,141,1890
1,150,1900
2,122,2001
1,125,1890
0,195,1890
1,78,2001
2,153,1900
1,79,1890
1,138,1998
2,220,2009
2,260,1877
2,90,2003
0,163,1890
1,86,2003
2,86,2014
2,138,1998
1,64,1970
2,38,2015
0,79,1930
1,103,2000
1,73,1960
1,148,1990
1,75,1970
1,45,1970
1,118,2003
1,77,1940
1,75,1960
0,94,1890
1,44,1960
2,107,1986
1,107,1980
1,41,1980
0,272,1880
1,44,1970
1,200,1910
1,40,1950
1,85,1970
1,56,2007
1,47,1970
1,64,1960
2,135,1890
2,175,1890
1,65,2013
2,72,1970
2,127,1880
0,47,1970
1,45,1960
1,18,1906
1,56,1970
1,53,1930
1,207,2016
1,148,1890
0,88,1920
0,42,1950
1,77,1900
1,73,1980
1,37,1970
0,81,1930
0,48,1960
0,89,1910
1,92,2002
2,172,2005
1,70,1970
0,35,1910
1,62,1890
0,84,1940
1,61,1965
0,238,1915
1,172,1894
1,86,1900
1,140,2003
1,79,1970
1,148,1990
1,72,1969
1,106,1993
1,114,1995
1,84,2003
1,110,2000
1,172,1995
1,100,2000
1,99,1995
0,70,2007
1,176,2000
1,57,2004
1,105,1994
1,77,2000
1,67,2013
2,73,2014
1,93,1994
1,51,2000
1,112,1991
2,116,1950
2,104,1950
2,95,1950
0,131,1910
0,158,1990
0,109,1890
2,277,2015
3,134,1920
5,236,2000
1,134,1940
2,518,1965
2,127,1950
0,158,1990
1,50,1960
1,71,1970
0,66,1930
1,75,1970
1,74,1970
1,70,2001
3,123,1915
3,160,1910
1,176,1920
2,192,1880
1,58,2002
2,102,1999
1,49,1967
2,115,1995
1,53,1998
1,41,2009
2,183,2002
1,59,1995
1,55,1950
1,46,1960
3,378,1884
1,53,2005
2,122,1979
1,73,2000
1,57,2001
1,63,2000
1,43,2002
2,202,1890
1,70,2003
1,83,1970
1,70,2000
1,65,1970
2,134,2000
1,72,1940
0,95,1930
2,200,2000
1,61,1966
2,133,2006
1,52,2012
1,49,1970
2,98,2006
1,61,2009
1,68,1900
0,70,1930
1,71,1940
1,46,1970
1,78,2013
4,312,1900
1,70,1930
0,83,1915
1,76,2013
1,63,1980
0,108,1920
2,3,1850
1,105,2009
1,123,1910
2,211,1880
2,171,2016
1,67,1970
2,104,2000
0,95,1930
1,102,1995
1,63,2008
2,141,1920
1,69,1995
1,46,1960
1,180,1950
1,158,1950
1,159,1950
3,297,1995
2,143,1930
2,347,1990
2,160,1970
3,207,2016
3,164,1950
2,117,1960
1,224,1990
2,127,2004
4,196,1950
2,25,1977
4,365,2012
2,46,1980
2,348,2001
2,365,2009
1,106,2000
2,208,1960
1,165,1940
1,145,1960
0,115,1943
0,181,1940
2,122,1960
1,116,1955
2,309,2002
1,110,2009
1,115,1950
2,127,1930
1,80,2000
2,104,1925
1,113,1958
0,72,1970
0,118,1965
1,126,1950
2,77,1925
1,106,1950
1,104,1956
2,174,2005
3,107,1925
2,105,1970
4,75,1960
1,120,1955
1,117,1930
2,650,1992
2,122,1965
1,125,2002
2,159,1985
3,144,1945
2,85,2008
1,107,1960
2,99,1978
4,81,1960
1,106,1970
2,130,1950
2,137,1990
2,133,1960
2,112,1960
0,112,1950
2,133,1955
5,201,1975
2,111,1975
6,141,1950
2,673,1970
2,101,1940
2,155,2011
1,90,1945
1,295,1999
3,115,1970
6,152,1975
1,178,2004
2,144,1966
4,125,1960
1,131,2011
2,176,1997
1,102,1950
2,166,1955
1,151,1970
1,133,1970
2,148,1960
1,130,1950
0,121,1967
2,131,1950
2,45,2009
1,106,1975
2,156,1999
1,131,1970
1,80,1990
4,178,1975
1,155,1960
2,170,1960
1,103,1971
1,120,1960
2,114,1970
4,198,1975
3,215,1970
2,109,1970
1,141,2012
6,181,1995
6,146,1978
2,264,1930
2,129,1970
2,312,2000
2,235,1920
1,76,1970
1,180,1930
2,256,1920
2,272,1920
2,264,2014
2,218,1950
2,230,1920
1,80,1968
2,198,1950
2,173,1930
2,362,1925
2,110,1970
2,159,1970
1,143,1900
2,286,2001
1,78,1970
2,292,1970
2,293,1910
2,277,1915
1,145,2005
1,92,1997
1,105,1975
2,239,1927
1,76,1970
1,231,1950
1,209,2013
1,101,1970
4,236,1969
1,219,1920
2,80,1985
2,128,1910
1,211,1930
2,295,1928
2,185,1930
1,78,1960
2,221,1978
4,170,1972
2,128,1980
2,135,1965
2,155,1960
2,189,1973
2,255,2013
2,125,1960
5,180,1970
2,220,1973
2,260,1980
1,142,1970
2,355,1980
2,158,1970
4,335,2006
2,164,1970
1,90,1980
2,175,1968
1,134,1960
2,181,1985
1,105,1975
2,123,1970
4,199,1970
2,174,1960
2,160,1965
2,360,2016
2,195,1970
2,22,1960
2,133,1960
2,280,2005
2,150,1975
2,145,1965
2,120,1975
2,158,1960
0,53,1910
1,62,1999
2,95,2009
1,153,1930
1,110,1950
1,33,1970
1,40,1970
1,72,1975
1,78,1900
2,129,1935
2,71,1958
0,105,1925
1,48,1975
2,97,1920
2,102,1930
2,108,2010
1,133,1920
2,144,2010
1,96,1920
0,75,1900
0,80,1980
1,159,1920
1,156,1950
1,345,1905
1,52,1970
2,2,1985
1,127,1920
1,44,1965
2,138,1920
1,59,1960
1,66,1970
3,234,2013
2,140,2007
1,377,1920
1,66,1960
0,97,1915
1,130,1910
0,152,1900
2,212,1930
2,150,1960
1,56,1965
1,40,1970
3,153,1930
1,41,1970
2,149,2001
1,128,1920
0,135,1943
2,374,2000
5,332,1923
0,118,1920
1,126,1935
2,109,1970
1,62,1970
1,38,1958
2,291,2000
2,205,1967
2,94,1980
4,228,2000
2,220,2010
2,342,2000
2,367,1980
1,57,1970
2,214,2000
2,185,2014
1,107,1960
1,35,1967
2,286,1925
1,139,1900
2,331,1963
2,331,2005
1,83,1960
2,68,1970
2,136,1980
2,205,1930
1,82,1950
1,215,1935
2,183,1990
2,163,1960
4,167,1970
2,135,1970
1,172,1960
1,183,1950
2,90,1980
1,100,1975
2,138,1975
2,143,1975
2,233,1978
2,18,1980
2,177,1960
2,137,1960
2,202,1977
0,124,1970
2,100,1970
1,129,1970
1,129,2015
0,90,1950
1,104,1960
2,163,2002
1,103,1960
2,95,1960
1,131,1950
2,325,2010
2,114,1960
2,153,1960
0,147,1960
1,97,1970
1,96,2000
1,89,1980
2,98,1970
1,111,1966
2,132,1940
2,195,2000
1,52,2000
2,280,1880
2,89,2006
1,207,1930
1,100,1998
1,154,2009
1,153,1940
1,58,1900
1,122,2008
1,62,1930
1,83,2002
1,81,1996
1,160,1950
1,186,1910
3,111,1980
2,252,2006
0,196,1890
2,286,1990
2,174,1990
2,107,1970
1,58,1968
2,200,1997
2,179,2005
3,215,1996
1,110,1980
1,93,1970
2,212,1900
2,180,2010
2,266,2003
2,204,1995
1,72,1980
2,160,1930
1,150,1900
1,194,2002
1,49,1970
2,285,2011
1,139,1900
1,61,1970
1,60,1980
0,85,1910
1,65,1980
2,197,2010
1,139,1910
2,250,1980
3,257,1880
1,170,2016
3,278,2005
1,64,1960
1,61,1970
1,126,1920
1,78,2012
4,144,1895
1,75,1940
1,92,1930
1,44,1970
1,147,2000
2,112,1900
1,46,1974
1,51,2005
1,71,1970
2,122,2000
1,83,1970
2,96,1928
2,112,2000
1,111,2007
1,96,1970
1,66,1985
1,101,1900
1,89,1890
1,237,1990
2,173,1975
1,154,1975
2,140,1970
1,117,1978
2,150,1997
1,129,1970
2,156,1991
1,115,1960
2,232,1994
1,122,1978
1,147,1940
2,103,1950
0,105,1910
2,233,2010
2,139,1960
2,100,1965
2,120,2004
1,2,1980
1,82,1890
2,206,2011
1,105,1910
2,171,1920
0,129,1910
1,92,2013
2,109,2013
1,100,1880
1,120,1960
0,93,1900
1,132,1960
1,171,1915
2,172,1890
1,79,2003
3,167,1968
4,129,1920
2,83,2004
1,65,1960
0,152,2016
2,83,2004
1,72,1950
1,120,1960
3,116,1940
1,141,2014
1,47,1970
2,84,1880
2,157,1900
1,115,1960
0,175,1900
1,87,1930
2,132,1950
1,133,1910
2,121,2000
4,244,1950
3,96,1910
2,173,2006
1,104,1940
5,128,1940
0,80,1920
2,211,2016
2,172,1940
2,128,1910
3,178,1890
1,114,1950
1,119,1950
2,144,1910
1,65,1970
0,160,1910
2,213,1930
1,150,2007
2,119,1900
1,127,1970
1,100,1970
2,146,2007
1,39,1990
2,157,1950
1,71,2000
2,204,1995
2,149,2005
4,375,2010
2,35,2010
1,136,1965
2,131,1980
1,115,1950
2,247,1925
2,35,2010
1,111,1996
1,205,2016
2,103,1990
2,180,1960
2,93,1955
2,109,1950
1,145,2012
2,93,1950
2,144,1950
2,151,1997
1,65,1975
2,116,1995
1,130,1920
2,191,1940
1,204,1890
2,145,1890
1,124,2007
1,55,2012
0,101,1890
1,79,1960
2,207,2007
1,96,1940
1,71,2014
0,118,1920
2,151,1998
1,116,1920
2,118,2000
1,133,2014
1,122,1900
2,113,1920
2,135,1940
2,113,1930
1,114,2003
2,119,1910
1,94,1900
1,77,1900
0,102,1890
1,109,1994
2,106,1900
1,72,1994
1,71,1890
0,81,1900
1,70,2000
0,195,1890
1,65,2010
0,60,1880
1,81,1890
1,67,2013
0,139,1890
1,63,1999
0,92,1890
2,150,2010
1,65,1970
0,46,1930
2,335,2013
2,201,1950
1,105,1940
1,160,1995
2,184,1950
2,118,2015
2,316,1970
2,223,2011
1,192,1950
1,79,1970
1,138,2010
1,100,1990
1,103,1960
2,112,1950
1,101,1960
1,94,1960
3,164,1990
2,88,1960
4,153,1970
2,97,1950
1,115,1940
2,116,1950
2,114,1970
1,112,1970
2,103,1960
4,120,1965
2,135,1950
3,97,1950
1,219,1970
1,103,1960
1,107,1960
1,114,1960
3,120,1960
2,133,2012
4,135,1965
2,109,1960
2,136,2005
2,190,1970
1,113,1960
2,338,2015
1,107,2011
1,91,2000
2,120,1950
2,203,1920
2,176,1915
2,169,2005
2,232,1907
1,69,1970
1,228,1980
2,102,1935
1,107,1975
1,55,1967
2,171,1940
1,60,1970
1,110,1945
2,319,1902
2,166,1900
2,241,2002
1,95,1970
2,130,1910
1,60,1965
0,70,1900
2,120,1950
1,99,1969
2,360,2000
1,68,1970
1,162,1890
2,173,1880
1,172,1905
2,181,2010
2,316,1955
1,90,1960
3,240,1925
2,220,1900
2,113,1940
1,69,1970
0,198,1900
1,58,1950
1,78,1965
1,115,1900
0,44,1970
1,115,1890
1,120,1990
1,69,1972
1,136,1960
2,123,1990
1,110,1973
1,89,1980
2,190,1950
2,97,1972
2,140,1955
2,222,1940
1,159,1950
1,88,2010
1,115,1965
1,109,1952
2,68,1974
2,357,2017
2,125,1950
2,405,1951
1,117,1950
1,65,1960
3,249,1960
2,315,1950
2,247,1935
2,318,1975
3,250,1955
1,165,2012
0,121,1955
2,110,1950
2,90,1975
2,173,1960
1,92,1960
3,93,1966
2,92,1965
2,88,1960
1,110,2004
1,165,1960
1,120,1970
1,153,1970
1,179,2011
2,123,1915
1,105,1940
2,145,1920
1,89,1915
1,114,1950
0,130,1900
1,74,2008
1,219,1890
1,36,1970
0,132,1915
1,4,1948
1,172,1910
1,100,1920
1,109,1920
1,38,1960
2,160,1990
2,172,2000
1,107,1925
1,89,1980
1,109,1975
2,130,1957
2,94,1975
2,163,1960
2,168,1954
2,72,2013
2,167,1920
1,37,1966
2,223,1960
1,104,1975
1,125,2004
1,70,2013
2,178,1955
1,92,1960
2,169,1950
2,138,1960
2,267,2003
1,110,1980
2,150,1950
2,235,1985
2,226,1922
1,36,1960
1,808,1925
1,162,1920
1,91,1990
2,142,1950
2,188,2000
3,93,1970
1,90,1996
1,156,1940
1,189,1939
2,140,1935
2,193,1935
1,92,1997
2,153,1970
2,158,1937
1,124,1940
1,36,1970
1,52,2011
1,127,1998
1,137,1998
2,163,1980
1,69,1970
1,44,2010
1,65,1970
2,105,1930
1,91,1970
1,68,1970
2,199,1940
1,98,1940
1,131,1920
3,149,1950
2,179,1980
1,171,1970
1,56,1965
2,75,1970
1,64,1980
2,125,1938
1,171,1970
2,113,1925
1,123,1950
1,162,1980
3,131,1950
1,360,1925
2,148,2001
3,94,1910
2,144,1930
1,2,2005
3,96,1925
2,101,1960
1,95,1940
2,700,1977
4,85,1930
1,44,1970
2,113,1925
2,147,1960
3,96,1920
1,90,1980
1,82,2013
1,127,1960
2,111,1958
3,140,1960
0,94,1970
2,102,1965
2,156,1930
1,90,1950
1,110,1928
1,43,1975
1,78,1970
7,150,1970
0,153,1920
2,87,2014
2,137,1930
1,176,1930
1,68,1970
2,347,1910
1,78,1970
1,110,1970
1,80,1960
1,87,2004
1,118,1925
2,107,1950
2,103,1930
2,146,1970
2,140,1950
2,115,1975
2,138,1950
2,139,1940
2,95,1930
2,183,1965
2,112,1930
2,305,2015
1,111,2005
1,74,1971
2,114,1920
1,52,2007
2,165,1880
2,165,1880
1,80,1890
1,68,1900
2,166,2016
1,75,2015
1,151,1998
1,100,1890
2,108,2001
3,143,1950
1,102,2011
5,124,1950
1,265,2016
2,92,1980
1,130,1980
1,83,1975
1,62,1960
1,100,2000
2,277,2012
2,192,1966
1,153,1930
1,192,1900
2,242,1925
1,51,2012
1,208,1915
6,313,2005
1,132,1975
1,100,2010
1,132,1991
1,141,1970
1,174,1970
1,136,1999
1,146,2013
1,107,1960
2,129,1980
2,193,2004
1,65,1970
1,75,1960
3,230,2010
1,156,1890
2,240,2013
1,72.3,1980
2,161,1950
1,116,1910
1,64,1888
1,85,1890
0,70,1915
2,109,1970
3,132,1970
1,66.23,1960
1,74,1980
0,48,1966
3,274,1925
1,155,1920
1,98,1920
2,435,1887
2,159,2011
2,95,1950
1,59,1970
2,130,2006
1,150,2008
2,322,1990
1,99,1960
2,130,1955
1,120,1950
2,227,1960
2,213,1970
3,101.51,1950
2,194,2012
1,115,2006
2,200,1950
3,100,1950
2,180,2008
1,105,1950
1,68.11,1970
2,161,1950
2,119,1960
1,80,2014
2,152,1920
2,158,1925
2,74,1950
1,82,1950
1,107,2003
2,319,2002
2,195,1920
2,292,2013
2,167,1980
1,182,1915
2,333,1990
4,145,1970
1,73,2004
2,283,1999
2,189,1935
4,195,1967
2,109,1975
2,206,1950
1,131,1925
2,118,1950
2,271,2009
1,160,2000
2,196.8,1921
2,77,1970
0,112,1900
1,58,2010
1,116,1925
1,48,1970
1,120,1910
1,200,2009
4,173.45,1950
1,140,2012
1,51,1970
1,258,2006
2,212,2012
0,75,1890
1,57,1960
2,159,1930
1,109,1910
0,67,1890
1,70,2011
2,96,2005
3,125,1940
1,67,1970
0,77,1950
1,109,2008
1,113,1940
1,139,1900
2,104,2010
1,57,1970
1,59,1970
2,160,1980
1,110,1999
2,76,1970
2,133,2000
3,143,1970
4,185,1955
2,209,1950
2,150,2012
1,196,1960
4,179.3,1950
1,165,1940
2,182,1960
2,116,1920
0,176,1930
3,150,1910
3,134.3,1960
2,155,2000
1,251,1890
2,145,1890
2,280,1997
1,85,1960
4,464.3,1880
1,203,1905
1,73,1980
1,46,1960
2,156,1930
2,100,1987
2,193,1920
1,46,1960
1,84,1965
1,43,1965
1,85,2011
1,71,2003
1,129,1925
1,61,1960
2,112,2000
2,132,1955
2,124,2008
2,115,2012
1,127,1900
1,90,1980
0,95,1890
0,170,1904
1,45,1970
0,69,1960
0,106.2,1920
1,112.9,2014
2,64,1980
1,143,2006
2,113.76,1990
1,187,1910
1,135,1900
1,123,1950
3,153.1,1930
4,285,1997
2,148,1900
2,108,1920
1,81,1975
2,112,2016
2,112,2016
1,63,1970
1,98,1880
0,100,1900
2,148,2005
1,147,1900
2,185,1970
2,150,1980
2,170,1965
1,120,1965
1,196,1920
1,135,1900
1,45,1977
1,120,2005
1,75,2012
1,159,1990
1,53,1960
1,87,2002
2,150,1925
2,88,1960
3,128,1960
1,205,2007
2,120,1960
1,67,1970
3,103,2011
1,32,1970
0,119,1880
0,85.2,1910
2,140,2002
0,103,1930
1,96,1890
1,110,1940
1,200,1915
1,72.9,1970
1,62,1970
1,55,1960
1,132,1991
0,75,1890
0,136,1890
0,99.5,1890
1,70,2011
1,3,2011
1,101,1900
0,80,1900
2,106,1920
1,44,1965
2,184,1997
3,138,1950
2,131,1995
3,160,1940
2,265,1988
2,102,1930
1,97,1970
2,101,1970
1,82,2009
2,148,1955
2,145,1972
2,84,1950
2,107.4,1960
1,152,2013
2,142.6,2001
2,271,1970
2,110,1960
2,118,2009
2,133,2014
2,176,1960
4,145,1960
1,92,2007
2,317,2008
1,90,1962
2,132,1910
1,51,1960
1,50,2006
1,78,1960
0,55,1957
1,77.5,1965
0,106,1900
0,30,1970
0,134,1905
0,82.3,1960
2,187,2010
2,310,1988
2,185,1985
2,64,1970
2,171,2008
1,84,1992
2,91,1995
2,113,1940
1,95,1950
1,123,2015
2,81,1960
2,99,1960
0,74,1960
2,200,1956
2,255.79,2006
1,252,1945
1,185,1910
2,215,1960
2,325,2008
2,240,1950
2,198,1980
4,176,1980
2,126,1980
1,115,2015
1,134,1980
1,111,1965
3,424,1970
2,102,1980
2,3,1872
0,186.36,1920
2,490,2012
1,95,1960
2,147.2,2007
1,70,1970
2,120,1950
1,105,1925
1,145,1960
3,168,1940
0,89,1990
2,128,2016
1,75,2013
2,88,1955
1,46,1960
2,191,2010
2,170,1950
2,214,1910
2,196,1915
1,99,1970
2,178,2007
2,160,2008
2,134,1980
2,274,2001
2,205,2015
1,213,1938
0,41,2010
0,60,2006
0,52,2000
1,88,2009
1,66,2005
5,271,1950
1,70,2005
2,95,1920
2,166,1915
3,228,1920
1,63,2015
3,203,1910
2,322,1930
2,85,1900
2,130,1995
1,82,2004
2,106,1880
3,246,1910
2,199,1940
2,93,2010
2,108,1950
1,77,1970
1,75,2013
1,146,1925
3,235,1940
2,192,2010
7,229,1935
2,128,2017
4,113,1970
4,173,1930
3,222,1890
0,146,1950
1,139,1955
1,69,2013
1,58,2015
2,151,2015
1,94,2012
1,70,2009
0,108,1915
2,110,2004
0,225,1900
1,85,1925
1,127,1960
1,112,2015
2,90,1990
1,170,2003
1,94,1998
2,199,1920
2,104,1970
2,175,1955
4,213,1950
2,222,1900
2,228,1925
1,74,1970
2,167,1995
2,189,2000
1,120,1890
2,110,1950
1,95,1920
1,131,1970
2,130,1960
1,129,2000
2,94,1950
1,75,1988
1,94,2009
1,82,2011
2,166,1950
0,105,1910
1,54,2012
1,90,2012
2,226,1880
1,61,2008
2,156,1900
1,61,2005
2,99,2005
1,84,1920
1,69,1976
1,59,1970
1,87,1965
0,54,1905
2,118,1935
3,123,1925
2,123,1965
2,124,1940
2,146,1935
3,145,1950
1,90,1955
2,90,1960
4,124,1950
1,65,2011
1,116,1970
2,142,1965
2,100,1960
2,1,2012
3,213,1970
2,102,1960
1,100,1940
1,115,1950
1,85,2009
2,112,1950
2,93,2007
1,67,1980
1,1,1960
1,118,2012
1,99,1996
0,106,1900
1,90,1999
1,137,2002
0,115,1958
1,65,2008
0,63.7,1900
2,100,2010
7,204,2011
1,95,1900
0,77,1900
1,105,1980
0,80,1900
1,168,1900
1,42,1970
0,2,1900
1,75,2004
1,105,1910
2,110.87,2003
2,150,2001
0,82,1900
0,73,1970
0,145,1880
1,106,1970
0,46,1960
1,84,2006
0,74,1930
1,98,1890
1,97,1910
2,112,1890
0,115,1930
1,140,1955
1,54,2004
1,137,1960
2,183,2014
2,204,1965
2,190,1950
0,95,1950
6,189,1950
0,93.84,1950
1,108,1930
2,147,1980
1,145,1960
1,120,1975
2,159,2006
1,119,1970
2,184,1967
2,124.45,2008
1,100,1950
2,85,1970
2,195,2013
0,124,1910
2,265,1930
1,96,1980
2,186,1886
2,300,1900
2,131,1930
1,87,1995
1,166,2001
1,59,1960
2,130,1918
2,115,1950
2,117,1995
2,133,2007
0,96,1910
1,132,1930
3,217,1950
2,132,1970
2,123,1956
2,180,1950
2,244,1915
1,77,1975
1,79,2011
0,104,1930
2,143,1940
4,188,1930
1,65,1970
2,113.81,1945
2,102,1925
2,190,1910
2,117,1980
2,229,2009
1,78,1974
0,120,1900
2,288,1997
1,78,1970
2,65,1990
2,191,2006
2,119,1940
0,201,1890
0,98,1970
2,106.76,1940
5,139,1977
2,92,1985
1,68,1975
2,81,1960
1,126,1980
0,135,1930
3,111,1940
0,170,2012
2,220,2007
2,85,1920
1,140,1920
1,54,1970
2,210.68,2002
0,98,1900
1,86,2013
0,128,1890
1,98,1940
0,114,1888
2,136,2008
1,217,1960
1,92,2009
5,128,1951
1,88,1970
2,129,2013
1,35,1970
1,129,2000
4,201,1980
2,244,2016
1,178,2005
2,156,1950
1,90,1860
1,110,2000
1,51,2009
2,217,1956
2,145,1995
1,97,1960
1,76,1968
2,125,2008
0,39.5,1959
1,138,1900
2,92,2001
1,76,1960
1,53,2002
2,157,1945
1,136,1990
2,117,1999
0,110,1900
1,168,2010
2,170,2003
3,265,2010
2,105.23,1970
2,150,1980
1,46,2000
1,70,2012
1,86,2000
1,73,2011
1,101,1997
1,125,2003
0,80,1900
1,146,1890
1,101,2001
2,104,1970
1,245,1900
1,95,1968
0,65,1890
1,132,1960
4,161,1950
4,146,1950
1,75,1998
1,79,1995
1,70,1994
1,37,1980
0,115,1900
1,120,2003
1,105,1960
1,94,1940
2,119,1990
1,131,1970
2,141,2001
5,249,2003
1,160,1950
2,141,2001
3,159,1990
1,79,1965
1,90,1945
0,48,1975
2,232,1960
1,50,1960
1,150,1961
1,130,2010
1,51,2010
2,101.37,1960
0,142,1920
2,110,1960
2,127,1965
1,125,2010
1,114,1970
2,188,1950
2,120,2000
2,219,1910
1,46,2000
2,239,2001
3,123.21,2010
0,110,1999
2,230,2005
2,145,2007
1,76,1975
2,223,2006
1,86.5,2015
1,30.6,1970
2,149,2013
1,100,1920
2,80,1960
2,236,2007
4,117,1990
3,225.5,2014
2,225,1970
1,110,1994
1,120,1970
0,61,1939
3,322,1970
4,409.54,2004
2,179,2012
0,127,1979
2,364,2012
2,109,2000
1,47,1970
1,114,2000
2,291,2016
1,79,1900
1,125,1900
0,26,2013
1,109,1960
2,174,1960
2,144,1980
1,76,1965
1,133,2011
1,107,2000
2,152,2010
1,90,1940
3,156,1890
1,71,1965
4,156.6,2009
0,95,1950
1,64,1970
2,213,2007
2,87,2005
1,181,1960
1,89,1995
2,180,1979
2,62,2014
2,120,1999
1,70,2011
1,72,1970
2,170,1970
1,112,1975
4,205,2008
1,55,2009
2,153,2004
1,200,1986
2,100,1980
2,221,2012
1,88,2000
2,138,1975
1,146,2016
3,128,1970
2,143,1960
2,167,1970
2,181,1965
2,121,2011
3,136,1975
1,112,2015
1,51,2010
1,88,1970
2,124,1995
3,263,1960
3,128,1950
2,227.6,2011
2,210,2010
4,120,1960
1,104.63,2014
2,123,1940
2,217,1986
1,67,1970
2,127,2002
1,91,1910
2,222,2009
2,99,1950
2,110,1975
2,171,1989
1,41,2005
1,60,1970
0,74,1920
1,49,1993
2,221,2011
2,101,1985
9,124,1960
2,146,2010
2,193,2002
2,353,1970
2,251,2016
2,166,2001
2,125,1984
2,109,1950
2,110,1990
1,80,1960
1,148.5,1890
3,111,1955
3,184,1930
0,130,1910
1,218,2008
2,240,2013
2,125,1930
2,198,1970
1,140,1980
2,155,1970
4,116,1960
2,226,2012
2,255,2014
2,175,1950
4,215,1950
2,134,1970
2,180,1975
3,153,1975
1,104,1980
3,120,1970
1,161,1940
2,249,1990
0,108,1890
1,106,1910
1,112,2007
1,109,1995
1,88,2007
2,177,1900
2,79,1890
2,120,1960
2,270.18,2009
1,85,1960
2,180,1970
2,132,1984
2,161,1938
3,196,2005
1,84,1970
2,134,1930
1,99,2010
1,53.3,1960
1,93,1970
1,94,1980
2,126,1975
2,98.5,1991
4,130,1960
2,81,1970
2,119,1970
1,109,2011
2,169,1930
2,115,1980
1,162,2005
2,214,2012
2,150,1970
1,128,1970
1,73,1980
2,122,1980
2,328,1960
2,127,1965
2,335,1980
2,199,1980
1,113,1960
1,93,1960
1,106,1970
1,65,1968
1,83,1930
1,45,2009
1,76,1973
4,118,1988
2,120,1975
2,156,2016
1,149,1910
2,223,1880
2,146,1960
2,94.3,1960
2,141,1960
2,102,1960
0,114,1962
2,169,1925
2,161,1970
1,106,1980
2,95,1955
1,21,1970
1,204,1990
5,310,1990
5,264,2001
2,113,1960
2,139,2013
1,95.88,1965
1,104,1930
5,300,1971
2,276,1890
1,47,1970
1,84,1965
1,141,1890
2,199,1980
2,177,2010
2,140,2009
1,125,1960
1,153,1997
1,136,1971
1,145,2006
2,128,2005
1,261,1930
2,126,1975
0,105.7,1930
1,109,1975
1,62,1900
3,192,1950
4,280,1937
1,159,1969
2,120,1970
2,100,1975
1,72.9,1977
2,146,1930
2,90,2004
2,221.3,2007
1,147,1980
2,156,1976
1,104,1980
2,129,1980
0,128,1890
2,328,1915
1,184,1980
3,158,1985
2,113.2,1985
2,203,1950
0,110,1980
2,186.75,1980
2,104,1978
2,179,2004
2,135,2001
2,254,1955
0,66,1900
2,189,1960
1,90,1960
1,90,2004
2,161,1975
1,33,1975
1,72,2012
2,197,1950
1,70,1999
2,189,2000
1,81,2010
0,138,1880
2,217,1925
2,540,1965
2,115,1930
2,120,1940
2,126,1920
2,94,1950
1,103,1930
1,123,2000
0,194,1910
1,94,2009
1,116,1930
2,140,2010
1,66,1960
2,179,1965
1,151,1960
2,141,1996
2,166,1940
0,150,1920
2,235,2000
2,98,1985
2,96,1960
6,127.8,1970
0,124,1910
2,129,2003
1,52,2012
2,410,2005
4,160,2007
3,270,2010
1,73,2014
1,133,1890
1,132,1993
1,63,1970
1,51,2010
1,120,1990
2,140,1980
2,80,1970
2,231,2005
2,188,1975
2,198,2013
2,152,1983
1,65,1970
2,120,1925
1,64,1965
1,60,1975
2,207,2008
2,125,2016
1,116,2005
0,151,1950
1,137,2008
2,109,1987
1,123,1920
3,106.4,1945
2,122,1975
3,163,1968
1,311,1998
2,315,2012
0,79,1900
1,64,1970
1,69,2013
2,124,2010
1,127,1950
1,88,1988
2,139,2007
4,560,1950
2,285,1935
1,249,1910
3,194,1958
2,115,1990
1,30,1965
2,278,1938
1,303,2016
2,340,2009
2,181,2010
1,152,1950
1,76,1970
10,128,1966
0,115,1999
2,156,1935
3,128,1940
2,191,1950
2,168.01,1995
1,88,1970
1,164,1960
1,110,1985
2,306.19,2000
1,90,2008
0,64,2009
4,182,1925
0,78,1910
1,100,1908
1,40,1970
4,126,1910
2,162,2014
1,144,2012
2,203,1920
2,200,1930
2,125,1993
2,135,1990
2,130,2000
1,130,1965
2,196.1,2007
2,196,2016
2,237,1980
2,200,2008
1,145,1980
2,180,2006
0,177,1890
1,115,2005
0,133,1915
1,69,1970
2,243,1966
3,184,1985
1,87,1935
1,74,1960
3,159,1980
2,190,2012
2,166,1980
1,84,1970
2,142,2003
1,122,1940
3,170,1900
1,149,2012
2,194,1990
2,789,2001
1,200,1950
1,46,1970
0,53,1888
2,110,1930
3,221,1975
2,292,1992
2,119,1960
2,133,2002
2,181,1980
2,131.27,1960
3,133,1960
4,210,2000
2,154,2000
4,167.87,1995
2,99,2005
4,284,1863
1,53,1970
2,136,2000
2,274,2000
3,304,1984
2,140,2000
2,237,1950
2,105,1950
2,151,1960
4,183.97,1978
1,90,2010
1,60,2001
0,95,1890
0,96,1982
2,285,1940
2,130,1965
4,325,1910
1,45,1972
1,113,1999
2,199.5,2004
2,141,1980
1,300,1990
2,236,2013
1,160,1950
2,130,2010
2,203,1950
0,29,2012
2,102,1970
2,194,2004
2,150,1960
2,249,1960
4,165,1960
2,132,1930
4,150,1950
1,118,1970
2,274,1970
1,115,1960
4,190,2001
1,127,2010
1,130,2013
2,101,1950
1,75.45,1970
2,122,1950
2,150,1970
4,165.5,1950
2,146,2015
1,44,2015
2,263.5,1890
1,113,1950
1,100,2009
2,103,1940
1,123,2008
1,72,1890
2,149,2007
1,110,1997
3,81,2000
1,135,1960
2,127,1997
2,320,2003
1,152,2002
3,113,2001
1,53,2000
1,77,1994
1,129,2000
1,116,1960
1,95,1992
1,84,1920
6,120,1990
2,114,1970
2,115,1965
1,84,1960
1,114,2000
2,431,2008
2,230,1996
1,150,1965
1,103,2010
2,187,1975
2,540,1960
2,195,1970
1,116,2004
0,58,1930
1,40,1970
1,125,1990
0,102,1900
2,235,2004
2,168,1970
2,161,1960
2,107,1960
2,129,1950
2,153,1980
1,110,1960
2,126,1960
2,74,1950
2,183,1991
2,300,2000
2,77,1940
1,156,1900
0,101,1890
2,217,1950
2,112,1950
0,80,1910
4,490,2006
2,185,1925
2,202,1985
1,121,1970
2,135,1965
2,120,1965
1,103,2000
2,255,2002
1,97,1930
0,88,1900
2,166,2009
2,165,2008
2,170,1970
1,189,1980
2,153,1975
2,122,1985
2,206,1980
2,185,2010
1,67,1965
1,146,2002
4,94,1960
1,65,2007
2,118.54,1960
2,96,2003
2,132,1954
2,290,1980
2,190,1980
2,230,2011
2,298.21,2014
1,100,1992
0,81,2007
2,113,1994
1,188,1890
1,97,1910
2,193,2002
1,120,1997
2,164,1982
1,165,1985
2,93,1960
2,355,2015
2,130,1990
1,98,1975
2,163,1970
1,104,2005
2,169.5,2001
1,83,1985
1,42.2,1970
2,170,1975
4,127,1930
4,117,1196
2,126,1965
2,181,1920
1,123,1900
2,103,1940
2,112,1960
1,81,2011
4,321,1980
2,216,1970
4,190,2001
1,73,2014
2,313,1935
2,115,1960
2,150,1970
1,88,1940
2,80,2008
1,102,1920
1,76,1970
3,135.5,1940
4,266.76,2014
2,159,2008
4,203,1960
3,102,1960
1,60,1980
2,123,1940
4,272.4,2011
1,114,1955
0,196,1985
2,187,2010
2,233,1998
1,211,1920
2,199,1999
2,286,1945
2,300,2005
3,315,1995
2,135,1970
2,133,1960
4,161,1960
2,300,2003
2,305,2001
1,58,1892
2,177.8,1905
2,139.4,1990
1,38,1970
1,101,1960
2,364,2010
3,96,1950
1,212,2011
1,109,1890
2,127,2013
4,112,1960
0,63,1967
1,162,1915
2,120,2000
1,76,1975
1,72,1960
1,101.76,2007
2,147,1985
1,140,1940
1,128,1955
4,141,1975
2,318,2014
1,68,1970
2,148,1920
5,363,2003
2,197,1950
2,180,1977
2,144,1980
2,201,2012
2,163,1948
1,65,1985
1,109,2000
2,129,2010
1,106,1890
4,320,1995
2,167,1920
1,52,1970
2,140,1920
1,60,1970
1,202,1940
2,261,2004
1,164,2014
2,195,2007
2,146,1950
2,138,1999
2,195.1,1997
1,119,1910
2,221,1945
2,470,1996
2,122,2008
2,167,1940
2,172,2010
2,103,1900
2,66,1970
1,94,1972
2,112,1950
3,222,1996
2,130,1970
0,85,1900
2,110,1960
0,80,1880
0,78,1890
0,158,1990
2,202,1997
1,127,2010
2,175,2010
1,75,2007
2,156,1960
2,178,1985
2,153,1950
2,210,2010
3,277,2004
2,142,2010
2,130.52,1960
3,149,1966
2,200,2007
4,547,2011
2,88,1975
3,214,1980
1,104,1985
2,233,1995
0,86,1940
1,117,1930
2,175,1997
2,117,1975
2,125,1990
1,111.04,2005
2,157,1985
6,105,1950
1,134,2011
1,107,2007
1,63.4,1970
1,187,1940
4,140,1960
4,94,1960
1,120,2011
1,82,1900
1,86,2010
1,73,2001
1,130,1975
1,93,1875
2,160,1995
2,101,1961
2,152,1980
1,152,1960
1,75,1980
1,153,1960
6,174,1960
3,142,1962
1,270,2004
2,154,1985
2,200,1925
2,192,1910
2,110,1900
2,274,2002
2,87,1970
0,50,1960
1,72,1970
2,107,1985
0,92.5,1945
1,106,2013
2,115.96,1960
2,109,1950
3,137,1960
2,196,1999
2,230,2004
2,169,1999
1,142,1995
3,158,1990
2,121.84,1980
2,127,2000
2,114,1950
2,158,1930
1,90,1960
1,157,1965
1,56,2008
3,107,1995
2,173,1910
2,305,2005
3,171,1972
2,281,1994
2,121,1980
1,160,1970
2,140,1975
2,120,1995
0,141,1920
1,110,1980
1,88,1980
1,93,1940
1,79,2000
1,86,1976
4,122.86,1975
1,149,1990
2,119,1985
2,174,1975
0,155,1885
1,90,2011
4,82,1975
2,110,1975
2,110,1960
1,138,1980
0,108,1955
2,300,1993
2,199,1920
1,76,2000
4,130,1963
1,114.2,1960
4,140,1980
0,65,1910
1,73,1900
1,147,1990
0,125,1905
2,113,2014
2,146,1997
2,154,1920
4,120,1940
4,180,1980
2,145,1950
2,146,1960
0,116,1950
1,73,1960
0,105,1880
1,100,1940
1,85,1900
0,48,1900
2,93,1950
2,129,1960
2,186,1930
2,192,1940
3,81,1985
1,102,2015
2,147,2009
2,136,1950
1,86,2005
1,37,1970
0,87,1890
2,70,1970
2,212,1985
1,82,1970
2,158,1960
1,91,1910
0,94,1910
2,254,1920
1,43,1950
1,80,1993
3,370,2005
1,64,1930
2,155,1970
2,198,1940
4,113,1955
1,121,1950
0,266.53,1927
1,120,1910
1,240,1950
2,109,1952
1,70,1975
0,90,1920
1,138,2008
2,121,1980
2,151,2000
3,145,1960
2,113,1960
1,120,1995
1,91,1993
2,78.54,2000
1,85.35,1940
2,370,2012
1,80,1970
2,153,2000
1,110,1965
1,190,2014
1,69,1975
1,62,2011
2,352,2014
2,391,2007
1,55,1960
2,127,1970
2,131,1970
4,200,1975
2,110,1960
1,74,1950
1,82,1950
2,165,1970
1,71,1965
2,140,2012
2,194,1890
1,101,1996
1,190,1890
1,121.8,2000
0,41,2012
1,101,1960
2,119,1970
2,140,1965
2,260,2007
1,82.6,1960
2,85,1970
1,45,1960
1,72,1970
2,223,2005
1,136.49,2009
2,222,2008
4,204,2002
1,127,2011
2,105,1920
1,100,2014
0,46,1960
0,137,1890
2,200,1975
2,140,1960
2,105,1980
2,228,2008
1,200,1980
2,148,1985
2,135,1955
1,134,1968
2,250,1982
2,200,1970
2,160,1978
1,100,2000
2,138,1950
3,178,1960
2,108,2009
1,44,2009
2,155,2012
1,102,2000
1,182,1960
1,138,2010
2,75,1930
1,84,2011
1,51,2011
2,155,1980
2,118,1960
2,160,1970
1,38,1950
1,44,1960
1,77,1960
1,116,1970
1,82,1950
1,70,2012
1,99,2011
2,147,1980
2,332,2008
1,122,1950
1,111,2005
1,99,1992
1,98,1998
1,49,1960
1,73,1970
2,680,2006
3,157,1920
2,222,1960
0,114,1920
1,98,1960
2,138,1975
4,100,1985
2,176,1970
1,130,1970
1,60,2000
1,113,1930
1,120,1975
2,102,1950
2,113,1970
2,128,2016
1,96,2017
3,155,1920
1,96,1970
2,112,1992
2,194,1970
2,118,1980
1,72,1972
2,157.94,1989
2,161,1970
2,186,1990
2,130,1970
1,175,1970
1,122,1990
1,128,1992
1,136,1977
2,160,1980
3,152,1925
2,126.8,1976
2,313,2007
2,233,2007
1,153,1960
1,265,1915
1,95,2008
1,84,1970
2,143,1960
2,170,2011
2,144,2006
2,147,2000
1,32,1960
2,210,1920
3,213,2010
1,226,2012
1,63,1950
2,310,2002
2,95,2005
2,115,1950
2,190,1980
2,220,2001
2,327,2017
0,207,1969
2,137,1998
2,196,2005
2,332,2004
2,101,2011
2,195,2005
1,62,1972
1,79,2003
1,216,1880
1,100.6,1900
3,158,1970
0,94,1960
1,55,2000
1,44.4,2009
2,94,1970
2,164,1986
2,139,1960
2,111,1950
2,105,1974
2,104,1970
2,215,1985
2,184,1970
1,102,1960
2,114,1975
2,131,1970
2,140,1975
1,39,1970
0,100,1960
2,134,2010
2,267,1999
3,158,1975
2,203,1997
2,143,1980
0,100,1960
1,90,1996
1,66,2007
2,107,1970
1,51,1960
2,151.54,2008
1,124,1900
0,130,1880
1,132,1970
1,132,2005
2,180.9,1989
1,75,2006
2,190,2012
3,230,1940
2,214,1926
2,185,1955
2,200,2014
2,262,2013
2,124,1957
2,161,1965
2,183,1962
4,465,2011
1,175,1908
2,181,1920
2,106,1970
4,100,1960
1,91,1910
3,256,1997
4,320,1998
1,152,1990
2,130,1980
2,90,1995
2,366,2000
1,196,1950
2,275,2006
2,307,2012
2,147,1988
2,176,1900
1,131,1960
4,190,1960
2,625,1950
1,96,1960
1,218,1970
1,60,1975
2,207,2012
2,222,2001
2,171,2010
6,160,1995
2,150,2007
2,128,1960
1,172,1995
2,106,1990
3,135,1980
1,254,1980
3,252,1980
1,92,2001
2,180,1980
2,129,1980
3,174,1900
1,74,1970
3,238,1930
3,419,1930
2,148,1940
1,60,2011
1,116,1900
1,104,1900
1,62,2015
1,94.5,2000
4,231,1988
2,136,1980
2,392,1950
0,49,1960
2,255,2016
1,87,1960
1,28,1972
2,105,1995
2,132,1960
1,95,1993
2,168,1980
1,131,1950
1,47,2004
1,116.65,1890
1,108,1930
2,165,1990
2,139,1975
1,52,1960
2,144,1965
0,68,1998
4,120,1930
2,174,2002
1,170,1900
2,225,1985
2,94,1950
2,122,1940
2,115,1960
1,114,1977
1,108,1950
1,86,1970
1,11,1936
0,150,2000
1,95,2015
2,152,2010
2,134.6,2011
2,282,1915
2,117,1880
2,216,2007
3,206,1925
2,110,1950
2,204,1997
2,183.84,2012
2,96,1940
2,210,2005
2,274,2010
2,220,2012
2,141,1920
2,303,1950
2,3,2000
2,431,2015
2,126.7,2005
1,207,2016
1,62,1980
1,54,2009
1,149,2014
1,35,1970
1,35,1970
2,190,2017
2,185,2014
1,77,2013
2,154,1910
0,100,1910
2,50,1960
2,275,1930
2,78,2000
2,140,1940
2,99,1960
2,119,1950
2,157,1995
2,260,1940
1,133,2005
3,210,1975
2,151,1981
1,93,1900
2,163,2008
1,109,1930
1,50,1960
0,107,1950
3,160,1910
4,355,1999
2,274,1955
1,130,1950
0,94,1940
2,309,2016
2,167,2010
2,159,2009
2,167,1980
2,334,1990
2,250,1975
2,121,1980
2,176,1930
1,133,1940
0,192,1978
4,101,1983
1,125,1980
1,130,1945
2,162,1971
2,237,1970
1,179,2005
2,176,2012
1,84,2013
2,180,1985
2,130,2014
1,88,1965
2,164,2005
1,82,1960
0,126,1900
1,130,1965
2,164,2006
1,163,1975
4,210,1970
2,148,1980
2,96,1950
1,305,1940
2,138,1980
4,255,1970
2,226,1900
1,35,1960
1,92,1965
2,158,1960
1,66,2000
1,184,1920
1,78,2013
1,36,1970
1,77,1950
1,142,1968
1,171,1920
1,68,1960
1,94,1980
3,101,2009
1,53,1975
2,151,2000
0,102,1920
0,46,1960
1,114,2013
1,120,1950
2,153,1995
2,185,1998
4,150,1980
2,181,1975
2,187,2007
2,116,1960
2,116,1955
2,230,1974
2,165,1980
2,155,1970
2,127,2012
3,355,2009
2,110,1985
1,62,1980
1,198,1950
4,280,1960
1,148,1985
1,57,2013
1,73,1970
1,106,1910
2,194,2010
1,116.4,1970
4,123,1984
1,163,1960
1,103,1950
1,77,1960
1,101,1990
2,182.85,1960
1,79,1965
2,169,1960
1,130,1970
1,119,2000
1,109.5,1999
1,80,1980
1,107,2013
2,75,1955
4,129.7,1972
3,198,2000
2,152,1980
1,140,1960
2,267,2011
2,138,1970
1,110,1998
2,103,1960
2,131,1975
4,116,1940
1,104,2013
2,131,2000
2,93,2003
1,111,1960
2,128,1985
0,122,1985
0,47,2011
1,116,1975
3,142,1975
4,125,1980
2,132,1982
2,123,1985
2,157,2010
2,151,1890
2,109,1985
2,398,2016
2,148.47,1960
1,130,1965
1,137,1994
2,121,1990
2,148,1970
1,53,2004
0,124,1920
3,167,1970
2,193,1950
3,122,1970
2,553,2005
2,131,2013
1,88,2007
2,531,2012
2,182.9,2006
2,190,2012
1,78,1960
2,115,1970
1,81,2012
1,138,2013
2,69,2015
2,89,2008
2,88,1989
1,143,1984
2,178,2003
2,156,1994
1,106,1970
4,184.75,1980
3,170,1970
2,193.74,1860
1,131,1999
1,73,2005
2,135,1975
1,130,1965
1,110,1950
0,67,1950
3,126,1910
2,330,1990
2,119,1990
1,68.5,2012
0,94,1960
2,153,1990
1,71,2012
0,135,1975
1,98,1975
4,116,1987
1,113,1980
2,131,2013
2,142,1985
2,246,1978
0,178,1900
2,155,2011
2,122,1945
2,144,1880
1,175,2000
2,136,1965
2,107,1975
2,130,1965
5,146,1950
1,100,2001
2,63,1960
2,129,2011
1,117,1900
1,154,1965
2,1,2000
2,154,1960
2,103,1990
3,166,1985
2,262,1980
3,266,1960
2,244,2005
2,203,2007
1,109.98,1960
1,75,1967
2,188,1950
1,103,2014
1,137,2002
1,100,1960
1,107,1920
0,101,1922
6,238,1950
1,49,2011
2,268,1991
2,86,1975
2,133,1990
1,88,2007
2,104,1980
2,169,1970
1,110,2011
2,143,1930
0,94,1890
2,185,1999
2,150,2008
2,161,2014
2,188,2011
1,145,1960
4,186,1970
2,105.9,1995
2,215,1975
2,121,2010
2,203,1980
2,74,1960
1,60,1990
2,104,2000
2,165,1900
2,117,1965
1,73,1970
2,152,1925
1,102,1950
2,118,1955
1,110,2007
3,106,1880
1,206,1994
3,101.7,1920
1,114,1960
1,62,1970
1,73,1970
1,120,2012
3,152,1975
2,124,1996
2,201,2000
5,173,1960
1,73,2010
2,158,1960
2,100,1950
2,139,2014
3,180,1957
2,129,1950
2,719,1998
4,236,1995
0,109,1986
2,205,1985
1,70,1970
2,113,2005
2,154,2016
3,92,1960
2,166,2000
2,90,1887
3,106.9,1980
2,141,1970
2,104,1970
2,102,2002
2,93.82,1950
5,109,1930
2,89,1990
2,132,2000
1,94,1990
1,115,1985
2,129,1980
2,132.6,1950
2,170,2000
1,55,2015
1,42,1978
1,82,1970
2,132,2005
2,3,2002
2,104,1960
3,154.3,1940
2,163,1975
1,178.74,2008
3,82,1998
1,130,1970
1,53,2010
1,112,1920
2,243,2010
2,300,2010
1,88.3,2012
1,80.7,2008
1,111,2010
1,34,1965
1,41,1965
1,43,2000
3,107,1925
1,65,1965
1,114,2010
2,251,2015
1,51,2011
2,141,1940
1,77,2011
2,145,1975
2,162,1977
1,125,1950
2,152,1970
2,179,1985
2,118,2008
1,43,1960
0,63,2014
2,133,1995
2,105,1980
1,49,1971
2,185,1960
3,127,1975
4,96,1994
1,181.6,2005
1,27,1999
2,156,2000
2,156,2006
2,153,2009
2,162,2012
2,161,2005
1,119,2011
2,260,2011
2,143,2004
4,240,1970
1,115,2005
2,116,1970
2,121,1965
0,113,1930
1,84,1935
1,112,1960
1,119,1970
2,141,2001
1,104.4,1975
2,115,1974
2,95,1960
2,148,2012
3,121,1980
2,201,2014
1,88,1960
1,147,2003
2,111,1910
0,170,1900
1,180.56,1975
3,123.5,1940
2,152,1955
1,192,2005
3,126,1980
2,110,2014
2,102,1960
3,205,1970
2,1,2012
2,155,1938
1,94,1970
2,177,2014
2,138,1960
2,101,1970
1,74,1960
1,85,1970
2,1,1970
1,110,1960
4,115,1960
2,189,2010
1,70,1970
1,79,1960
1,91,1970
1,47,1970
1,70,2008
1,107,1940
2,143,2000
2,170,2008
2,158,2014
3,225,1930
1,1,1960
1,115,1995
1,170,1950
0,106,1981
2,159,2011
4,243,1990
2,283,2010
1,64,1970
2,165,1930
1,97,1930
2,145,1930
2,142,2008
1,83,2014
2,200.71,2007
1,109,2001
0,149,1990
2,130,1965
2,117,1965
0,85,1960
2,92,2005
2,209,1980
1,80,1930
2,90,1920
2,111,2010
1,80,2005
0,81.79,1980
2,128,1985
3,114,1980
2,200,1997
2,130,2011
1,147,2007
2,115,2000
2,112,1925
1,162,1960
2,177,1992
1,60,1960
3,210,1980
4,104,1960
2,265,2009
1,77,2010
1,1,1970
4,135,1950
1,104,1960
2,169,1975
1,190,1975
2,135,2010
2,125,2000
2,180,2006
2,183,2007
2,100,1950
2,221,2009
2,200,1990
0,306,1936
2,222,1980
4,178,1970
2,129,1980
2,276,1970
4,108,1980
1,131,1980
1,100,1980
2,129,1960
1,934,1980
2,128,2016
2,151,2014
1,108,2008
1,101,1960
0,85,2003
2,124,1975
2,129.92,1980
1,196,1990
1,141,1990
1,200,1930
2,120,1960
2,133,1960
1,117,1960
2,168,1970
1,67,1970
2,106,1970
1,45,1970
1,86,2012
1,142,1950
2,161,1920
2,134,2001
1,80,2013
2,175,1960
2,204,1960
1,109,1955
2,238,2011
0,75,1900
2,202,1920
1,120,2012
1,43.7,1970
4,97,1950
1,63,1970
3,153,2000
2,143,1996
2,235,2004
2,165,1925
2,160,1965
2,199,1970
1,65,1890
2,135,2000
0,112,2000
1,64,1965
1,82,1930
1,112,1999
4,131,1985
2,150,1994
0,113.6,1950
2,100,1980
1,110,1970
2,232,2004
2,135,1970
2,235,1970
1,78,2010
2,140,1999
1,118,2011
1,66.32,1980
2,255,1985
2,237,2002
0,170,1980
4,137,2013
2,264,1997
1,177,1975
1,149,1996
0,115,1890
1,35.64,1967
1,61.6,2012
2,388.5,1920
3,187,1922
3,148,1985
3,134,1950
2,255,1900
1,85,1980
2,0,1949
2,112,1980
2,154,1960
2,332,2005
2,206,1950
3,150,1968
2,94,1940
2,323,1925
0,90,1890
2,106,1977
2,0,1970
1,120,1960
1,72,1970
1,106,1900
2,155,1900
2,195,1958
2,89,1970
4,141,1920
1,103,2000
2,118,1975
2,184,1965
2,131,1987
1,250,1980
1,97,1960
1,125,1995
2,235,1995
3,218,1970
2,235,2009
1,170,1975
1,168,2010
3,256,1990
1,125,2000
1,117,1930
2,84,2013
2,104,1981
1,163,1890
1,296,1998
3,109,1950
2,242,1980
2,180,1960
3,156,1970
2,170,1900
3,122,1960
2,110,1960
3,116,1960
2,4,2005
2,195,1995
2,228,1985
4,207,1983
4,168,1900
2,125,2015
2,185,2008
2,140,1992
2,103,1980
2,172,2016
2,216,1980
2,132,1985
2,154,2012
0,114,1915
1,129,2015
2,224,1985
2,196,2016
1,380,2016
2,175,1940
4,245,1980
5,179,1950
2,108,2012
2,135,2011
3,135,1950
1,128,1950
4,119,1950
2,106,1960
2,0,2000
0,138,1960
2,302,1960
2,174,1995
2,161,1995
4,138,1975
2,131,1968
1,138,1980
3,145,1950
2,0,2000
2,163,2001
1,123,1970
1,163,2017
1,126,1994
1,75,1975
3,92,1950
1,178,1900
2,91,1955
2,397,2016
5,300,2007
2,193,1975
2,124,1950
3,194,1945
1,106,1910
2,180,2004
2,495,1930
1,161,1970
2,331,2010
4,258,2000
1,128,1880
2,98,1950
0,110,1990
2,125,1996
3,168,1970
2,306,1970
1,150,2011
2,198,1990
2,148,1970
1,145,1995
0,98,1900
1,96,1890
2,123,1930
2,125,1970
4,158,1985
2,189,1985
2,158,1935
2,164,1970
2,92,1955
2,192,1955
3,104,1970
2,207,2016
2,200,1980
2,187,1960
2,129,1975
1,128,1930
2,104,1975
2,177,1985
2,202,1961
0,122,1910
2,131,1950
0,156,1900
2,129,1992
2,104,1980
1,308,1920
3,270,1985
2,334,2015
2,187,1970
1,118,1910
2,172,2007
1,97,1960
2,181,1910
2,251,2017
0,147,1970
1,112,1920
1,179,1950
2,120,1970
2,134,1960
2,240,2009
0,96,1890
0,200,1966
1,109,1965
0,122,1890
1,77,2006
1,100,1950
2,112,1960
2,276,1955
2,147,2003
1,318,1890
2,273,1925
2,117,1915
1,130,1963
0,78,1900
2,152,2005
2,130,1960
2,327,1910
2,147,1965
4,176,1975
2,244,2004
2,177,2001
2,248,2012
2,142,1950
0,137,1948
1,186,1950
1,141,1920
4,101,1950
2,203,1940
4,465,1980
2,233,1940
3,105,1960
2,270,1960
2,287,2012
2,168,2017
2,222,2004
1,112,1970
2,93,1960
3,110,1910
2,36,1960
1,77,1905
2,288,2017
1,89,1900
2,130,1960
2,179,2015
2,144,1970
2,283,1970
2,239,1926
1,101,2007
2,147,2011
3,127,1970
3,156,1960
2,100,1955
2,209,2005
1,104,2004
3,150,1960
1,90,2001
2,184,2009
2,139,1960
5,105,1987
2,234,2000
1,139,2010
3,439,1980
2,101,1959
2,146,1960
2,183,1950
1,148,1915
4,113,1960
2,180,1965
2,164,1973
2,237,1980
2,200,1979
2,211,1980
2,239,2014
2,423,1940
1,147,1948
2,227,1920
0,104,1890
1,120,2003
2,155,2000
2,134,1993
2,87,1960
2,225,1970
2,127,1990
2,88,1940
2,160,1925
0,118,1915
2,282,1940
3,270,2015
1,95,1978
2,166,2011
2,231,2003
3,277,1950
1,145,1920
2,117,1980
2,503,1975
3,145,1970
2,160,1970
2,152,1996
2,174,1996
2,110,1980
0,160,1983
4,112,1955
1,119,1920
1,111,1960
1,133,1940
2,219,2004
2,244,2000
0,230,1900
1,61,2012
2,100,1955
2,145,2011
1,135,1950
1,92,2000
2,220,1910
3,166,1985
0,72,1900
3,101,1991
1,126,1965
2,220,2004
3,183,1975
2,223,1997
2,270,1905
2,377,2000
2,169,1980
2,92,1930
2,136,1980
1,77,1978
6,247,1985
3,173,1970
2,124,1960
2,125,1985
1,194,2012
4,184,1994
2,109,1950
2,512,1920
1,209,1920
2,25,2014
1,150,1907
2,89,1955
2,120,1980
2,112,1970
1,80,1930
2,128,1910
2,203,2016
2,115,1955
4,255,2015
2,334,2010
1,144,1940
2,220,1920
2,239,2013
2,167,1960
3,170,2000
1,34,1980
2,170,1970
2,139,1965
2,108,1960
4,175,1970
2,312,2017
1,138,1960
1,112,2009
1,133,1960
2,177,1980
2,114,1975
1,107,1910
2,98,1920
4,180,1888
1,155,1920
0,132,1972
2,148,2015
2,159,2009
1,150,2013
2,255,1947
2,108,1965
2,210,1995
2,254,1998
2,150,2012
3,136,1975
1,180,1890
1,120,1920
2,135,1980
4,332,1990
2,152,2001
3,259,2015
2,133,1920
4,225,1980
1,67,1998
2,153,2003
1,91,1915
2,124,1960
1,111,1940
1,150,1940
1,102,1960
1,124,1970
2,169,1970
3,175,2007
1,93,1950
4,82,1970
2,212,2008
2,210,1950
1,118,2003
2,112,1980
1,120,1980
2,271,2012
2,211,1970
2,176,1964
1,113,2013
1,108,2005
2,126,1905
2,188,1930
2,130,1960
1,162,1986
1,103,1975
2,172,1940
1,123,1910
2,174,2000
1,108,1980
2,135,2012
2,102,2000
0,101,1970
2,160,1970
1,210,2012
1,125,1953
1,103,1950
1,105,2012
1,0,2002
2,144,1970
2,120,1950
4,150,1940
3,120,1960
2,175,2000
2,138,1985
2,149,1960
3,123,1995
1,117,1965
2,185,1980
2,195,1970
2,177,1980
2,212,1970
2,294,2000
2,141,1990
1,112,2005
2,129,1960
2,119,1936
2,244,1910
2,212,2014
4,373,2014
2,96,1950
1,121,1950
2,232,1996
2,180,1915
3,93,1955
2,575,2009
2,147,1990
4,214,1950
2,115,1959
2,240,2011
2,115,1960
2,127,1950
1,77,1970
1,120,1920
1,174,1880
3,187,1930
2,105,1950
3,120,1960
2,158,1970
2,254,1990
2,181,1905
1,55,1970
2,171,2004
2,137,2013
2,134,1980
2,255,2006
2,177,2003
1,146,2011
2,143,2010
3,285,2012
1,118,1960
2,142,2000
2,315,2012
1,107,1970
2,146,1980
2,114,1979
2,113,1990
2,203,2015
1,110,1950
1,124,2000
1,54,1970
2,653,1970
2,101,1940
2,112,1950
2,137,1960
2,275,2010
4,199,1980
1,175,1950
2,158,1929
2,118,1955
2,302,2005
4,0,1960
2,125,1975
2,113,1965
2,192,1920
1,100,1970
0,88,1920
2,170,1962
5,110,1980
1,101,1980
0,19,1976
3,147,1980
2,166,1965
2,129,1965
1,138,1955
2,179,1970
2,204,1980
2,107,1972
1,200,1945
2,98,1980
2,83,1950
1,162,1900
2,188,1996
1,120,1940
2,196,1970
2,178,1940
2,178,2012
2,151,1890
2,147,1998
6,361,2004
6,115,1920
1,51,2012
2,134,2004
1,184,2010
0,88,1900
2,187,2008
4,140,1955
2,150,1985
1,265,1890
1,167,2001
2,208,2000
2,192,2000
1,116,1980
2,256,2014
2,364,1998
2,170,1980
3,166,1973
2,159,1980
4,258,1980
1,115,1985
3,95,1950
2,291,1990
1,128,1930
2,125,1910
1,135,1880
4,131,1960
1,191,1910
2,178,2012
1,200,2005
3,202,1950
2,0,1960
3,243,1960
2,183,2012
3,186,1930
3,194,1950
1,121,1950
2,150,1990
2,102,1950
1,136,1970
2,133,1955
3,312,1960
2,202,1930
3,175,1950
2,0,1920
5,275,1950
1,122,1998
2,160,1925
1,0,1965
2,174,2000
2,151,2015
2,188,1950
1,94,1950
3,193,2011
1,103,1987
2,104,1993
1,82,2010
1,95,1980
2,213,1970
2,123,1970
3,104,1975
1,0,2012
2,204,2006
2,294,1980
2,185,1960
1,146,1960
2,202,1980
0,153,1975
2,0,1980
4,260,1995
6,222,1915
1,195,1886
0,80,1890
1,93,1890
1,173,1890
2,110,1920
1,119,1960
1,140,1950
1,91,1975
2,242,1980
2,191,1960
2,0,1910
2,215,2017
2,136,1960
2,150,1985
3,180,1985
4,250,1978
2,223,1980
2,175,2009
4,273,1970
2,281,1920
2,232,2006
2,0,2006
2,201,2014
2,0,1970
1,147,1970
3,339,1930
2,133,1968
6,264,2007
1,110,2010
1,97,1940
5,187,1964
4,105,1980
2,280,2000
1,105,1975
0,113,1900
2,150,2005
2,136,1970
1,66,1970
1,129,1910
3,138,1950
1,0,1970
2,178,1920
1,118,1960
2,368,1999
2,138,2006
3,140,1958
1,111,1950
1,81,1910
0,76,1920
3,450,2016
4,171,1920
2,136,2011
2,0,2010
2,96,1965
1,128,2008
10,170,1985
2,240,1980
2,90,1960
2,111,1960
2,126,1977
2,116,1960
2,124,1960
2,202,1997
2,168,1930
2,116,1980
1,105,1983
1,199,2014
2,134,1996
3,189,1935
2,229,1996
1,95,1985
2,151,1906
1,103,2003
2,310,1963
2,151,1950
1,102,1970
2,200,1981
2,191,1980
1,79,2006
1,172,1980
2,133,1995
5,157,1920
1,112,1920
